0,1,2,3,4,5,6,7,8
0.26,3.865,0.875,4.959,0.0,0.0,0.0,0.0,1.0
0.26,3.865,0.875,4.959,0.0,0.0,0.0,0.0,0.0
0.26,3.865,0.875,4.959,0.0,0.0,0.0,0.0,0.0
0.26,3.865,0.875,4.959,0.0,0.0,0.0,0.0,0.0
0.26,3.865,0.875,4.959,0.0,0.0,0.0,0.0,0.0
0.26,3.865,0.875,4.959,0.0,0.0,0.0,0.0,1.0
0.26,3.865,0.875,4.959,0.0,0.0,0.0,0.0,1.0
0.218,1.666,0.116,-1.0828,0.0,0.0,0.0,0.0,0.0
0.218,1.666,0.116,-1.0828,0.0,0.0,0.0,0.0,0.0
0.218,1.666,0.116,-1.0828,0.0,0.0,0.0,0.0,0.0
0.218,1.666,0.116,-1.0828,0.0,0.0,0.0,0.0,0.0
0.218,1.666,0.116,-1.0828,0.0,0.0,0.0,0.0,0.0
0.218,1.666,0.116,-1.0828,0.0,0.0,0.0,0.0,0.0
0.218,1.666,0.116,-1.0828,0.0,0.0,0.0,0.0,1.0
5.41728,75.27168,14.446079999999998,95.001984,0.0,0.0,0.0,0.0,0.0
5.41728,75.27168,14.446079999999998,95.001984,0.0,0.0,0.0,0.0,1.0
5.41728,75.27168,14.446079999999998,95.001984,0.0,0.0,0.0,0.0,1.0
5.41728,75.27168,14.446079999999998,95.001984,0.0,0.0,0.0,0.0,0.0
5.41728,75.27168,14.446079999999998,95.001984,0.0,0.0,0.0,0.0,1.0
5.41728,75.27168,14.446079999999998,95.001984,0.0,0.0,0.0,0.0,1.0
5.41728,75.27168,14.446079999999998,95.001984,0.0,0.0,0.0,0.0,1.0
0.168,3.412,0.42,2.2564,0.0,0.0,0.0,0.0,1.0
0.168,3.412,0.42,2.2564,0.0,0.0,0.0,0.0,1.0
0.168,3.412,0.42,2.2564,0.0,0.0,0.0,0.0,1.0
0.168,3.412,0.42,2.2564,0.0,0.0,0.0,0.0,1.0
0.168,3.412,0.42,2.2564,0.0,0.0,0.0,0.0,1.0
0.168,3.412,0.42,2.2564,0.0,0.0,0.0,0.0,0.0
0.168,3.412,0.42,2.2564,0.0,0.0,0.0,0.0,1.0
0.0885,1.1145,0.29700000000000004,1.4454,0.0,0.0,0.0,0.0,1.0
0.0885,1.1145,0.29700000000000004,1.4454,0.0,0.0,0.0,0.0,1.0
0.0885,1.1145,0.29700000000000004,1.4454,0.0,0.0,0.0,0.0,0.0
0.0885,1.1145,0.29700000000000004,1.4454,0.0,0.0,0.0,0.0,1.0
0.0885,1.1145,0.29700000000000004,1.4454,0.0,0.0,0.0,0.0,0.0
0.0885,1.1145,0.29700000000000004,1.4454,0.0,0.0,0.0,0.0,0.0
0.0885,1.1145,0.29700000000000004,1.4454,0.0,0.0,0.0,0.0,0.0
0.07437,1.5838800000000002,0.35175,1.7792520000000003,0.0,0.0,0.0,0.0,1.0
0.07437,1.5838800000000002,0.35175,1.7792520000000003,0.0,0.0,0.0,0.0,1.0
0.07437,1.5838800000000002,0.35175,1.7792520000000003,0.0,0.0,0.0,0.0,1.0
0.07437,1.5838800000000002,0.35175,1.7792520000000003,0.0,0.0,0.0,0.0,1.0
0.07437,1.5838800000000002,0.35175,1.7792520000000003,0.0,0.0,0.0,0.0,1.0
0.07437,1.5838800000000002,0.35175,1.7792520000000003,0.0,0.0,0.0,0.0,1.0
0.07437,1.5838800000000002,0.35175,1.7792520000000003,0.0,0.0,0.0,0.0,1.0
0.20400000000000001,2.544,0.252,2.5611,0.0,0.0,0.0,0.0,0.0
0.20400000000000001,2.544,0.252,2.5611,0.0,0.0,0.0,0.0,0.0
0.20400000000000001,2.544,0.252,2.5611,0.0,0.0,0.0,0.0,0.0
0.20400000000000001,2.544,0.252,2.5611,0.0,0.0,0.0,0.0,0.0
0.20400000000000001,2.544,0.252,2.5611,0.0,0.0,0.0,0.0,0.0
0.20400000000000001,2.544,0.252,2.5611,0.0,0.0,0.0,0.0,0.0
0.20400000000000001,2.544,0.252,2.5611,0.0,0.0,0.0,0.0,0.0
0.16524000000000003,4.14072,0.54918,4.289436,0.0,0.0,0.0,0.0,1.0
0.16524000000000003,4.14072,0.54918,4.289436,0.0,0.0,0.0,0.0,1.0
0.16524000000000003,4.14072,0.54918,4.289436,0.0,0.0,0.0,0.0,1.0
0.16524000000000003,4.14072,0.54918,4.289436,0.0,0.0,0.0,0.0,1.0
0.16524000000000003,4.14072,0.54918,4.289436,0.0,0.0,0.0,0.0,1.0
0.16524000000000003,4.14072,0.54918,4.289436,0.0,0.0,0.0,0.0,1.0
0.16524000000000003,4.14072,0.54918,4.289436,0.0,0.0,0.0,0.0,1.0
0.65835,5.59944,0.67221,-1.5682589999999998,0.0,0.0,0.0,0.0,0.0
0.65835,5.59944,0.67221,-1.5682589999999998,0.0,0.0,0.0,0.0,0.0
0.65835,5.59944,0.67221,-1.5682589999999998,0.0,0.0,0.0,0.0,0.0
0.65835,5.59944,0.67221,-1.5682589999999998,0.0,0.0,0.0,0.0,0.0
0.65835,5.59944,0.67221,-1.5682589999999998,0.0,0.0,0.0,0.0,0.0
0.65835,5.59944,0.67221,-1.5682589999999998,0.0,0.0,0.0,0.0,0.0
0.65835,5.59944,0.67221,-1.5682589999999998,0.0,0.0,0.0,0.0,1.0
0.3526,3.5561,0.3913,1.8533,0.0,0.0,0.0,0.0,1.0
0.3526,3.5561,0.3913,1.8533,0.0,0.0,0.0,0.0,1.0
0.3526,3.5561,0.3913,1.8533,0.0,0.0,0.0,0.0,1.0
0.3526,3.5561,0.3913,1.8533,0.0,0.0,0.0,0.0,0.0
0.3526,3.5561,0.3913,1.8533,0.0,0.0,0.0,0.0,1.0
0.3526,3.5561,0.3913,1.8533,0.0,0.0,0.0,0.0,1.0
0.3526,3.5561,0.3913,1.8533,0.0,0.0,0.0,0.0,1.0
0.052500000000000005,1.3094999999999999,0.138,1.341,0.0,0.0,0.0,0.0,1.0
0.052500000000000005,1.3094999999999999,0.138,1.341,0.0,0.0,0.0,0.0,1.0
0.052500000000000005,1.3094999999999999,0.138,1.341,0.0,0.0,0.0,0.0,1.0
0.052500000000000005,1.3094999999999999,0.138,1.341,0.0,0.0,0.0,0.0,0.0
0.052500000000000005,1.3094999999999999,0.138,1.341,0.0,0.0,0.0,0.0,0.0
0.052500000000000005,1.3094999999999999,0.138,1.341,0.0,0.0,0.0,0.0,0.0
0.052500000000000005,1.3094999999999999,0.138,1.341,0.0,0.0,0.0,0.0,0.0
0.0,5.723680000000001,0.9163200000000001,4.804704000000001,0.0,0.0,0.0,0.0,1.0
0.0,5.723680000000001,0.9163200000000001,4.804704000000001,0.0,0.0,0.0,0.0,1.0
0.0,5.723680000000001,0.9163200000000001,4.804704000000001,0.0,0.0,0.0,0.0,0.0
0.0,5.723680000000001,0.9163200000000001,4.804704000000001,0.0,0.0,0.0,0.0,0.0
0.0,5.723680000000001,0.9163200000000001,4.804704000000001,0.0,0.0,0.0,0.0,0.0
0.0,5.723680000000001,0.9163200000000001,4.804704000000001,0.0,0.0,0.0,0.0,0.0
0.0,5.723680000000001,0.9163200000000001,4.804704000000001,0.0,0.0,0.0,0.0,0.0
0.28500000000000003,1.0725,0.14250000000000002,-1.4875500000000001,0.0,0.0,0.0,0.0,1.0
0.28500000000000003,1.0725,0.14250000000000002,-1.4875500000000001,0.0,0.0,0.0,0.0,1.0
0.28500000000000003,1.0725,0.14250000000000002,-1.4875500000000001,0.0,0.0,0.0,0.0,1.0
0.28500000000000003,1.0725,0.14250000000000002,-1.4875500000000001,0.0,0.0,0.0,0.0,1.0
0.28500000000000003,1.0725,0.14250000000000002,-1.4875500000000001,0.0,0.0,0.0,0.0,1.0
0.28500000000000003,1.0725,0.14250000000000002,-1.4875500000000001,0.0,0.0,0.0,0.0,1.0
0.28500000000000003,1.0725,0.14250000000000002,-1.4875500000000001,0.0,0.0,0.0,0.0,1.0
0.0,17.849999999999998,3.15,16.065,0.0,0.0,0.0,0.0,0.0
0.0,17.849999999999998,3.15,16.065,0.0,0.0,0.0,0.0,1.0
0.0,17.849999999999998,3.15,16.065,0.0,0.0,0.0,0.0,1.0
0.0,17.849999999999998,3.15,16.065,0.0,0.0,0.0,0.0,0.0
0.0,17.849999999999998,3.15,16.065,0.0,0.0,0.0,0.0,0.0
0.0,17.849999999999998,3.15,16.065,0.0,0.0,0.0,0.0,1.0
0.0,17.849999999999998,3.15,16.065,0.0,0.0,0.0,0.0,1.0
3.0624,12.5628,1.7747999999999997,-17.06592,0.5429999999999999,2.121,0.333,-0.2892,0.0
3.0624,12.5628,1.7747999999999997,-17.06592,0.5429999999999999,2.121,0.333,-0.2892,0.0
3.0624,12.5628,1.7747999999999997,-17.06592,0.5429999999999999,2.121,0.333,-0.2892,0.0
3.0624,12.5628,1.7747999999999997,-17.06592,0.5429999999999999,2.121,0.333,-0.2892,0.0
3.0624,12.5628,1.7747999999999997,-17.06592,0.5429999999999999,2.121,0.333,-0.2892,0.0
3.0624,12.5628,1.7747999999999997,-17.06592,0.5429999999999999,2.121,0.333,-0.2892,0.0
3.0624,12.5628,1.7747999999999997,-17.06592,0.5429999999999999,2.121,0.333,-0.2892,0.0
0.056280000000000004,1.11622,0.1675,1.246602,0.0,0.0,0.0,0.0,0.0
0.056280000000000004,1.11622,0.1675,1.246602,0.0,0.0,0.0,0.0,0.0
0.056280000000000004,1.11622,0.1675,1.246602,0.0,0.0,0.0,0.0,0.0
0.056280000000000004,1.11622,0.1675,1.246602,0.0,0.0,0.0,0.0,0.0
0.056280000000000004,1.11622,0.1675,1.246602,0.0,0.0,0.0,0.0,0.0
0.056280000000000004,1.11622,0.1675,1.246602,0.0,0.0,0.0,0.0,0.0
0.056280000000000004,1.11622,0.1675,1.246602,0.0,0.0,0.0,0.0,0.0
0.2856,2.352,0.7223999999999999,3.3163199999999997,0.0,0.0,0.0,0.0,1.0
0.2856,2.352,0.7223999999999999,3.3163199999999997,0.0,0.0,0.0,0.0,0.0
0.2856,2.352,0.7223999999999999,3.3163199999999997,0.0,0.0,0.0,0.0,0.0
0.59085,9.93375,1.0854,4.163595,0.0,0.0,0.0,0.0,0.0
0.59085,9.93375,1.0854,4.163595,0.0,0.0,0.0,0.0,0.0
0.59085,9.93375,1.0854,4.163595,0.0,0.0,0.0,0.0,0.0
0.59085,9.93375,1.0854,4.163595,0.0,0.0,0.0,0.0,0.0
0.30524999999999997,7.58175,0.363,0.847275,0.0,0.0,0.0,0.0,0.0
0.30524999999999997,7.58175,0.363,0.847275,0.0,0.0,0.0,0.0,0.0
0.30524999999999997,7.58175,0.363,0.847275,0.0,0.0,0.0,0.0,0.0
0.5796,10.3698,1.6632,10.23876,0.0,0.0,0.0,0.0,1.0
0.5796,10.3698,1.6632,10.23876,0.0,0.0,0.0,0.0,1.0
0.5796,10.3698,1.6632,10.23876,0.0,0.0,0.0,0.0,1.0
0.5796,10.3698,1.6632,10.23876,0.0,0.0,0.0,0.0,1.0
0.5796,10.3698,1.6632,10.23876,0.0,0.0,0.0,0.0,1.0
0.5796,10.3698,1.6632,10.23876,0.0,0.0,0.0,0.0,1.0
0.5796,10.3698,1.6632,10.23876,0.0,0.0,0.0,0.0,1.0
0.13534000000000002,0.95006,0.2546,0.45560000000000006,0.0,0.0,0.0,0.0,0.0
0.13534000000000002,0.95006,0.2546,0.45560000000000006,0.0,0.0,0.0,0.0,0.0
0.13534000000000002,0.95006,0.2546,0.45560000000000006,0.0,0.0,0.0,0.0,0.0
0.13534000000000002,0.95006,0.2546,0.45560000000000006,0.0,0.0,0.0,0.0,0.0
0.13534000000000002,0.95006,0.2546,0.45560000000000006,0.0,0.0,0.0,0.0,0.0
0.13534000000000002,0.95006,0.2546,0.45560000000000006,0.0,0.0,0.0,0.0,0.0
0.13534000000000002,0.95006,0.2546,0.45560000000000006,0.0,0.0,0.0,0.0,1.0
0.2656,6.0822400000000005,0.29216000000000003,0.34262400000000004,0.0,3.0,0.0,0.0,1.0
0.2656,6.0822400000000005,0.29216000000000003,0.34262400000000004,0.0,3.0,0.0,0.0,1.0
0.2656,6.0822400000000005,0.29216000000000003,0.34262400000000004,0.0,3.0,0.0,0.0,1.0
0.2656,6.0822400000000005,0.29216000000000003,0.34262400000000004,0.0,3.0,0.0,0.0,1.0
0.2656,6.0822400000000005,0.29216000000000003,0.34262400000000004,0.0,3.0,0.0,0.0,0.0
0.7438999999999999,3.3066999999999998,0.2494,-4.21443,0.0,0.0,0.0,0.0,1.0
0.2656,6.0822400000000005,0.29216000000000003,0.34262400000000004,0.0,3.0,0.0,0.0,0.0
0.7438999999999999,3.3066999999999998,0.2494,-4.21443,0.0,0.0,0.0,0.0,1.0
0.2656,6.0822400000000005,0.29216000000000003,0.34262400000000004,0.0,3.0,0.0,0.0,0.0
0.7438999999999999,3.3066999999999998,0.2494,-4.21443,0.0,0.0,0.0,0.0,1.0
0.7438999999999999,3.3066999999999998,0.2494,-4.21443,0.0,0.0,0.0,0.0,1.0
0.7438999999999999,3.3066999999999998,0.2494,-4.21443,0.0,0.0,0.0,0.0,1.0
0.7438999999999999,3.3066999999999998,0.2494,-4.21443,0.0,0.0,0.0,0.0,1.0
0.7438999999999999,3.3066999999999998,0.2494,-4.21443,0.0,0.0,0.0,0.0,1.0
0.56056,7.71771,1.7317299999999998,7.46746,0.0,0.0,0.0,0.0,1.0
0.56056,7.71771,1.7317299999999998,7.46746,0.0,0.0,0.0,0.0,0.0
0.56056,7.71771,1.7317299999999998,7.46746,0.0,0.0,0.0,0.0,0.0
0.56056,7.71771,1.7317299999999998,7.46746,0.0,0.0,0.0,0.0,0.0
0.56056,7.71771,1.7317299999999998,7.46746,0.0,0.0,0.0,0.0,0.0
0.56056,7.71771,1.7317299999999998,7.46746,0.0,0.0,0.0,0.0,0.0
0.56056,7.71771,1.7317299999999998,7.46746,0.0,0.0,0.0,0.0,0.0
0.26892000000000005,2.5763200000000004,0.47476,3.3080480000000003,0.0,0.0,0.0,0.0,1.0
0.26892000000000005,2.5763200000000004,0.47476,3.3080480000000003,0.0,0.0,0.0,0.0,1.0
0.26892000000000005,2.5763200000000004,0.47476,3.3080480000000003,0.0,0.0,0.0,0.0,0.0
0.26892000000000005,2.5763200000000004,0.47476,3.3080480000000003,0.0,0.0,0.0,0.0,1.0
0.26892000000000005,2.5763200000000004,0.47476,3.3080480000000003,0.0,0.0,0.0,0.0,1.0
0.26892000000000005,2.5763200000000004,0.47476,3.3080480000000003,0.0,0.0,0.0,0.0,1.0
0.18592000000000003,2.77884,0.35524,3.202472,0.0,0.0,0.0,0.0,0.0
0.26892000000000005,2.5763200000000004,0.47476,3.3080480000000003,0.0,0.0,0.0,0.0,1.0
0.18592000000000003,2.77884,0.35524,3.202472,0.0,0.0,0.0,0.0,1.0
0.18592000000000003,2.77884,0.35524,3.202472,0.0,0.0,0.0,0.0,1.0
0.18592000000000003,2.77884,0.35524,3.202472,0.0,0.0,0.0,0.0,1.0
0.18592000000000003,2.77884,0.35524,3.202472,0.0,0.0,0.0,0.0,1.0
0.18592000000000003,2.77884,0.35524,3.202472,0.0,0.0,0.0,0.0,1.0
0.18592000000000003,2.77884,0.35524,3.202472,0.0,0.0,0.0,0.0,1.0
2.1627,10.5198,0.68085,-12.253965,0.18,2.607,0.21299999999999997,1.4301,1.0
2.1627,10.5198,0.68085,-12.253965,0.18,2.607,0.21299999999999997,1.4301,1.0
2.1627,10.5198,0.68085,-12.253965,0.18,2.607,0.21299999999999997,1.4301,1.0
2.1627,17.7198,0.68085,-12.253965,0.18,2.607,0.21299999999999997,1.4301,0.0
0.19169999999999998,1.82754,0.11075999999999998,-0.921225,0.0,0.0,0.0,0.0,1.0
2.1627,17.7198,0.68085,-12.253965,0.18,2.607,0.21299999999999997,1.4301,0.0
0.19169999999999998,1.82754,0.11075999999999998,-0.921225,0.0,0.0,0.0,0.0,0.0
2.1627,17.7198,0.68085,-12.253965,0.18,2.607,0.21299999999999997,1.4301,0.0
0.19169999999999998,1.82754,0.11075999999999998,-0.921225,0.0,0.0,0.0,0.0,0.0
2.1627,17.7198,0.68085,-12.253965,0.18,2.607,0.21299999999999997,1.4301,0.0
0.19169999999999998,1.82754,0.11075999999999998,-0.921225,0.0,0.0,0.0,0.0,0.0
0.0,7.2,0.0,0.0,0.0,0.0,0.0,0.0,0.0
0.19169999999999998,1.82754,0.11075999999999998,-0.921225,0.0,0.0,0.0,0.0,0.0
0.0,7.2,0.0,0.0,0.0,0.0,0.0,0.0,0.0
0.19169999999999998,1.82754,0.11075999999999998,-0.921225,0.0,0.0,0.0,0.0,0.0
0.0,7.2,0.0,0.0,0.0,0.0,0.0,0.0,0.0
0.19169999999999998,1.82754,0.11075999999999998,-0.921225,0.0,0.0,0.0,0.0,0.0
0.0,2.0,0.0,0.0,0.0,0.0,0.0,0.0,0.0
0.0,2.0,0.0,0.0,0.0,0.0,0.0,0.0,0.0
0.0,2.0,0.0,0.0,0.0,0.0,0.0,0.0,0.0
0.0,2.0,0.0,0.0,0.0,0.0,0.0,0.0,0.0
0.0,2.0,0.0,0.0,0.0,0.0,0.0,0.0,1.0
0.0,2.0,0.0,0.0,0.0,0.0,0.0,0.0,1.0
0.0,2.0,0.0,0.0,0.0,0.0,0.0,0.0,1.0
1.1407200000000002,19.69488,2.4444,22.444248,0.0,1.422,0.578,1.7348,1.0
1.1407200000000002,19.69488,2.4444,22.444248,0.0,1.422,0.578,1.7348,1.0
1.1407200000000002,19.69488,2.4444,22.444248,0.0,1.422,0.578,1.7348,1.0
1.1407200000000002,19.69488,2.4444,22.444248,0.0,1.422,0.578,1.7348,0.0
1.1407200000000002,19.69488,2.4444,22.444248,0.0,1.422,0.578,1.7348,0.0
1.1407200000000002,19.69488,2.4444,22.444248,0.0,1.422,0.578,1.7348,1.0
1.1407200000000002,19.69488,2.4444,22.444248,0.0,1.422,0.578,1.7348,1.0
3.1471200000000006,27.42012,2.91276,18.527832000000004,0.0,0.0,0.0,0.0,0.0
3.1471200000000006,27.42012,2.91276,18.527832000000004,0.0,0.0,0.0,0.0,0.0
3.1471200000000006,27.42012,2.91276,18.527832000000004,0.0,0.0,0.0,0.0,0.0
3.1471200000000006,27.42012,2.91276,18.527832000000004,0.0,0.0,0.0,0.0,0.0
3.1471200000000006,27.42012,2.91276,18.527832000000004,0.0,0.0,0.0,0.0,0.0
3.1471200000000006,27.42012,2.91276,18.527832000000004,0.0,0.0,0.0,0.0,0.0
3.1471200000000006,27.42012,2.91276,18.527832000000004,0.0,0.0,0.0,0.0,0.0
0.1144,2.0254000000000003,0.4602,2.59168,0.0,0.0,0.0,0.0,0.0
0.1144,2.0254000000000003,0.4602,2.59168,0.0,0.0,0.0,0.0,1.0
0.1144,2.0254000000000003,0.4602,2.59168,0.0,0.0,0.0,0.0,1.0
0.1144,2.0254000000000003,0.4602,2.59168,0.0,0.0,0.0,0.0,0.0
0.1144,2.0254000000000003,0.4602,2.59168,0.0,0.0,0.0,0.0,0.0
0.1144,2.0254000000000003,0.4602,2.59168,0.0,0.0,0.0,0.0,1.0
0.1144,2.0254000000000003,0.4602,2.59168,0.0,0.0,0.0,0.0,1.0
0.434,1.372,0.194,-0.9506,0.0,0.0,0.0,0.0,0.0
0.434,1.372,0.194,-0.9506,0.0,0.0,0.0,0.0,0.0
0.434,1.372,0.194,-0.9506,0.0,0.0,0.0,0.0,1.0
0.434,1.372,0.194,-0.9506,0.0,0.0,0.0,0.0,1.0
0.434,1.372,0.194,-0.9506,0.0,0.0,0.0,0.0,0.0
0.434,1.372,0.194,-0.9506,0.0,0.0,0.0,0.0,1.0
0.434,1.372,0.194,-0.9506,0.0,0.0,0.0,0.0,1.0
0.46149999999999997,5.893,0.7454999999999999,6.086829999999999,0.0,0.0,0.0,0.0,1.0
0.46149999999999997,5.893,0.7454999999999999,6.086829999999999,0.0,0.0,0.0,0.0,1.0
0.12,1.275,0.10350000000000001,-0.3609,0.0,0.0,0.0,0.0,1.0
0.46149999999999997,5.893,0.7454999999999999,6.086829999999999,0.0,0.0,0.0,0.0,0.0
0.12,1.275,0.10350000000000001,-0.3609,0.0,0.0,0.0,0.0,1.0
0.46149999999999997,5.893,0.7454999999999999,6.086829999999999,0.0,0.0,0.0,0.0,0.0
0.12,1.275,0.10350000000000001,-0.3609,0.0,0.0,0.0,0.0,1.0
0.46149999999999997,5.893,0.7454999999999999,6.086829999999999,0.0,0.0,0.0,0.0,0.0
0.12,1.275,0.10350000000000001,-0.3609,0.0,0.0,0.0,0.0,1.0
0.46149999999999997,5.893,0.7454999999999999,6.086829999999999,0.0,0.0,0.0,0.0,1.0
0.12,1.275,0.10350000000000001,-0.3609,0.0,0.0,0.0,0.0,1.0
0.46149999999999997,5.893,0.7454999999999999,6.086829999999999,0.0,0.0,0.0,0.0,1.0
0.12,1.275,0.10350000000000001,-0.3609,0.0,0.0,0.0,0.0,1.0
0.12,1.275,0.10350000000000001,-0.3609,0.0,0.0,0.0,0.0,1.0
0.5650000000000001,3.24,1.19,4.521,0.0,0.0,0.0,0.0,0.0
0.5650000000000001,3.24,1.19,4.521,0.0,0.0,0.0,0.0,0.0
0.5650000000000001,3.24,1.19,4.521,0.0,0.0,0.0,0.0,0.0
0.5650000000000001,3.24,1.19,4.521,0.0,0.0,0.0,0.0,0.0
0.5650000000000001,3.24,1.19,4.521,0.0,0.0,0.0,0.0,0.0
0.5650000000000001,3.24,1.19,4.521,0.0,0.0,0.0,0.0,0.0
0.5650000000000001,3.24,1.19,4.521,0.0,0.0,0.0,0.0,0.0
0.048,1.462,0.49,1.929,0.0,0.0,0.0,0.0,1.0
0.048,1.462,0.49,1.929,0.0,0.0,0.0,0.0,1.0
0.048,1.462,0.49,1.929,0.0,0.0,0.0,0.0,1.0
0.048,4.2506,1.3514,5.08114,0.0,0.0,0.0,0.0,1.0
0.048,4.2506,1.3514,5.08114,0.0,0.0,0.0,0.0,1.0
0.048,4.2506,1.3514,5.08114,0.0,0.0,0.0,0.0,1.0
0.048,4.2506,1.3514,5.08114,0.0,0.0,0.0,0.0,1.0
0.0,2.7886,0.8613999999999999,3.15214,0.0,0.0,0.0,0.0,1.0
0.0,2.7886,0.8613999999999999,3.15214,0.0,0.0,0.0,0.0,1.0
0.0,2.7886,0.8613999999999999,3.15214,0.0,0.0,0.0,0.0,1.0
0.0,0.7711,0.3289,1.0828400000000002,0.0,0.0,0.0,0.0,1.0
0.0,0.7711,0.3289,1.0828400000000002,0.0,0.0,0.0,0.0,1.0
0.0,0.7711,0.3289,1.0828400000000002,0.0,0.0,0.0,0.0,1.0
0.0,0.7711,0.3289,1.0828400000000002,0.0,0.0,0.0,0.0,1.0
0.0,0.7711,0.3289,1.0828400000000002,0.0,0.0,0.0,0.0,1.0
0.0,0.7711,0.3289,1.0828400000000002,0.0,0.0,0.0,0.0,1.0
0.0,0.7711,0.3289,1.0828400000000002,0.0,0.0,0.0,0.0,0.0
0.0,2.0,0.0,0.0,0.0,0.0,0.0,0.0,0.0
0.0,2.0,0.0,0.0,0.0,0.0,0.0,0.0,0.0
0.0,2.0,0.0,0.0,0.0,0.0,0.0,0.0,0.0
0.0,2.0,0.0,0.0,0.0,0.0,0.0,0.0,0.0
0.0,2.0,0.0,0.0,0.0,0.0,0.0,0.0,1.0
0.0,2.0,0.0,0.0,0.0,0.0,0.0,0.0,1.0
0.0,2.0,0.0,0.0,0.0,0.0,0.0,0.0,1.0
0.0,1.718,0.282,1.5368,0.0,0.0,0.0,0.0,0.0
0.0,1.718,0.282,1.5368,0.0,0.0,0.0,0.0,0.0
0.0,1.718,0.282,1.5368,0.0,0.0,0.0,0.0,0.0
0.0,1.718,0.282,1.5368,0.0,0.0,0.0,0.0,0.0
0.0,1.718,0.282,1.5368,0.0,0.0,0.0,0.0,0.0
0.0,1.718,0.282,1.5368,0.0,0.0,0.0,0.0,0.0
0.0,1.718,0.282,1.5368,0.0,0.0,0.0,0.0,0.0
0.17885,3.0002999999999997,0.47085,3.2777,0.0,0.0,0.0,0.0,1.0
0.17885,3.0002999999999997,0.47085,3.2777,0.0,0.0,0.0,0.0,1.0
0.17885,3.0002999999999997,0.47085,3.2777,0.0,0.0,0.0,0.0,1.0
0.17885,3.0002999999999997,0.47085,3.2777,0.0,0.0,0.0,0.0,0.0
0.17885,3.0002999999999997,0.47085,3.2777,0.0,0.0,0.0,0.0,0.0
0.17885,3.0002999999999997,0.47085,3.2777,0.0,0.0,0.0,0.0,1.0
0.17885,3.0002999999999997,0.47085,3.2777,0.0,0.0,0.0,0.0,1.0
0.114,1.672,0.214,1.2074,0.0,0.0,0.0,0.0,1.0
0.114,1.672,0.214,1.2074,0.0,0.0,0.0,0.0,1.0
0.114,3.314,0.572,1.8874,0.0,0.0,0.0,0.0,1.0
0.114,3.314,0.572,1.8874,0.0,0.0,0.0,0.0,1.0
0.114,3.314,0.572,1.8874,0.0,0.0,0.0,0.0,1.0
0.114,3.314,0.572,1.8874,0.0,0.0,0.0,0.0,1.0
0.114,3.314,0.572,1.8874,0.0,0.0,0.0,0.0,1.0
0.0,1.642,0.358,0.68,0.0,0.0,0.0,0.0,1.0
0.0,1.642,0.358,0.68,0.0,0.0,0.0,0.0,1.0
0.0,2.532,0.46799999999999997,1.02,0.0,2.055,0.9450000000000001,0.9545999999999999,1.0
0.0,2.532,0.46799999999999997,1.02,0.0,2.055,0.9450000000000001,0.9545999999999999,1.0
0.081,2.781,0.138,0.6633,0.0,0.0,0.0,0.0,1.0
0.0,2.532,0.46799999999999997,1.02,0.0,2.055,0.9450000000000001,0.9545999999999999,1.0
0.702,10.548,0.7500000000000001,2.4354,0.0,0.0,0.0,0.0,1.0
0.0,2.532,0.46799999999999997,1.02,0.0,2.055,0.9450000000000001,0.9545999999999999,0.0
0.702,10.548,0.7500000000000001,2.4354,0.0,0.0,0.0,0.0,0.0
0.0,2.532,0.46799999999999997,1.02,0.0,2.055,0.9450000000000001,0.9545999999999999,0.0
0.702,10.548,0.7500000000000001,2.4354,0.0,0.0,0.0,0.0,1.0
0.35000000000000003,5.9079999999999995,0.742,1.9285,0.0,0.0,0.0,0.0,0.0
0.0,2.532,0.46799999999999997,1.02,0.0,2.055,0.9450000000000001,0.9545999999999999,0.0
0.702,10.548,0.7500000000000001,2.4354,0.0,0.0,0.0,0.0,1.0
0.35000000000000003,5.9079999999999995,0.742,1.9285,0.0,0.0,0.0,0.0,0.0
0.0,2.532,0.46799999999999997,1.02,0.0,2.055,0.9450000000000001,0.9545999999999999,0.0
0.702,10.548,0.7500000000000001,2.4354,0.0,0.0,0.0,0.0,0.0
0.35000000000000003,5.9079999999999995,0.742,1.9285,0.0,0.0,0.0,0.0,0.0
0.702,10.548,0.7500000000000001,2.4354,0.0,0.0,0.0,0.0,0.0
0.35000000000000003,5.9079999999999995,0.742,1.9285,0.0,0.0,0.0,0.0,1.0
0.621,13.716999999999999,1.6620000000000001,7.3399,0.0,0.0,0.0,0.0,1.0
0.35000000000000003,5.9079999999999995,0.742,1.9285,0.0,0.0,0.0,0.0,1.0
0.0,5.95,1.05,5.5678,0.0,0.0,0.0,0.0,1.0
0.256,1.628,0.118,-1.0768,0.0,0.0,0.0,0.0,1.0
0.35000000000000003,5.9079999999999995,0.742,1.9285,0.0,0.0,0.0,0.0,0.0
0.0,5.95,1.05,5.5678,0.0,0.0,0.0,0.0,0.0
0.256,1.628,0.118,-1.0768,0.0,0.0,0.0,0.0,1.0
0.35000000000000003,8.407,1.2429999999999999,2.9485,0.0,0.0,0.0,0.0,0.0
0.0,5.95,1.05,5.5678,0.0,0.0,0.0,0.0,1.0
0.256,1.628,0.118,-1.0768,0.0,0.0,0.0,0.0,1.0
0.0,2.4989999999999997,0.501,1.02,0.0,0.0,0.0,0.0,0.0
0.0,5.95,1.05,5.5678,0.0,0.0,0.0,0.0,1.0
0.256,1.628,0.118,-1.0768,0.0,0.0,0.0,0.0,0.0
0.0,2.4989999999999997,0.501,1.02,0.0,0.0,0.0,0.0,0.0
0.0,5.95,1.05,5.5678,0.0,0.0,0.0,0.0,1.0
0.0,2.83528,0.48472,1.1288000000000002,0.0,0.0,0.0,0.0,1.0
0.256,1.628,0.118,-1.0768,0.0,0.0,0.0,0.0,0.0
0.0,2.4989999999999997,0.501,1.02,0.0,0.0,0.0,0.0,0.0
0.0,1.694,0.306,1.4702,0.171,2.4989999999999997,0.33,0.8879999999999999,1.0
0.0,5.95,1.05,5.5678,0.0,0.0,0.0,0.0,1.0
0.0,2.83528,0.48472,1.1288000000000002,0.0,0.0,0.0,0.0,1.0
0.256,1.628,0.118,-1.0768,0.0,0.0,0.0,0.0,1.0
0.0,2.4989999999999997,0.501,1.02,0.0,0.0,0.0,0.0,0.0
0.0,1.694,0.306,1.4702,0.171,2.4989999999999997,0.33,0.8879999999999999,1.0
0.0,2.83528,0.48472,1.1288000000000002,0.0,0.0,0.0,0.0,1.0
0.256,1.628,0.118,-1.0768,0.0,0.0,0.0,0.0,1.0
0.0,2.4989999999999997,0.501,1.02,0.0,0.0,0.0,0.0,0.0
0.0,1.694,0.306,1.4702,0.171,2.4989999999999997,0.33,0.8879999999999999,1.0
0.0,2.83528,0.48472,1.1288000000000002,0.0,0.0,0.0,0.0,1.0
0.14094,2.08737,0.20169000000000004,0.846612,0.0,0.0,0.0,0.0,0.0
1.0528700000000002,7.39578,0.78135,-5.018739,0.0,0.0,0.0,0.0,0.0
0.0,1.694,0.306,1.4702,0.171,2.4989999999999997,0.33,0.8879999999999999,1.0
0.0,2.83528,0.48472,1.1288000000000002,0.0,0.0,0.0,0.0,1.0
0.14094,2.08737,0.20169000000000004,0.846612,0.0,0.0,0.0,0.0,0.0
1.0528700000000002,4.896780000000001,0.28035,-6.0387390000000005,0.0,0.0,0.0,0.0,0.0
0.0,1.694,0.306,1.4702,0.171,2.4989999999999997,0.33,0.8879999999999999,1.0
0.0,2.83528,0.48472,1.1288000000000002,0.0,0.0,0.0,0.0,1.0
0.14094,2.08737,0.20169000000000004,0.846612,0.0,0.0,0.0,0.0,0.0
1.0528700000000002,4.896780000000001,0.28035,-6.0387390000000005,0.0,0.0,0.0,0.0,0.0
0.0,1.694,0.306,1.4702,0.171,2.4989999999999997,0.33,0.8879999999999999,1.0
0.0,2.84856,0.47144,2.942184,0.0,0.0,0.0,0.0,1.0
0.306,5.16628,0.84772,1.6523000000000003,0.0,0.0,0.0,0.0,1.0
0.14094,2.08737,0.20169000000000004,0.846612,0.0,0.0,0.0,0.0,1.0
1.0528700000000002,4.896780000000001,0.28035,-6.0387390000000005,0.0,0.0,0.0,0.0,1.0
0.0,1.694,0.306,1.4702,0.171,2.4989999999999997,0.33,0.8879999999999999,1.0
0.0,2.84856,0.47144,2.942184,0.0,0.0,0.0,0.0,1.0
0.306,2.331,0.363,0.5235,0.0,0.0,0.0,0.0,1.0
0.14094,2.08737,0.20169000000000004,0.846612,0.0,0.0,0.0,0.0,1.0
1.0528700000000002,4.896780000000001,0.28035,-6.0387390000000005,0.0,0.0,0.0,0.0,1.0
0.0,2.84856,0.47144,2.942184,0.0,0.0,0.0,0.0,1.0
0.306,2.331,0.363,0.5235,0.0,0.0,0.0,0.0,1.0
0.14094,2.08737,0.20169000000000004,0.846612,0.0,0.0,0.0,0.0,1.0
1.0528700000000002,4.896780000000001,0.28035,-6.0387390000000005,0.0,0.0,0.0,0.0,1.0
0.0,2.84856,0.47144,2.942184,0.0,0.0,0.0,0.0,1.0
0.306,2.331,0.363,0.5235,0.0,0.0,0.0,0.0,1.0
0.14094,2.08737,0.20169000000000004,0.846612,0.0,0.0,0.0,0.0,1.0
1.0528700000000002,4.896780000000001,0.28035,-6.0387390000000005,0.0,0.0,0.0,0.0,1.0
0.0,2.84856,0.47144,2.942184,0.0,0.0,0.0,0.0,1.0
0.306,2.331,0.363,0.5235,0.0,0.0,0.0,0.0,1.0
20.39499,264.09867,42.556340000000006,248.297151,2.052,15.197000000000001,3.751,20.1759,1.0
0.306,2.331,0.363,0.5235,0.0,0.0,0.0,0.0,1.0
0.363,2.3520000000000003,0.28500000000000003,-1.512,0.0,0.0,0.0,0.0,0.0
20.39499,264.09867,42.556340000000006,248.297151,2.052,15.197000000000001,3.751,20.1759,0.0
0.306,2.331,0.363,0.5235,0.0,0.0,0.0,0.0,0.0
0.363,2.3520000000000003,0.28500000000000003,-1.512,0.0,0.0,0.0,0.0,1.0
0.56496,3.81216,0.90816,2.3253120000000003,0.0,0.0,0.0,0.0,1.0
20.39499,261.25011,42.084900000000005,245.35496700000002,2.052,15.197000000000001,3.751,20.1759,0.0
0.363,2.3520000000000003,0.28500000000000003,-1.512,0.0,0.0,0.0,0.0,1.0
0.56496,3.81216,0.90816,2.3253120000000003,0.0,0.0,0.0,0.0,1.0
20.39499,261.25011,42.084900000000005,245.35496700000002,2.052,15.197000000000001,3.751,20.1759,0.0
0.363,2.3520000000000003,0.28500000000000003,-1.512,0.0,0.0,0.0,0.0,1.0
0.56496,3.81216,0.90816,2.3253120000000003,0.0,0.0,0.0,0.0,1.0
20.39499,261.25011,42.084900000000005,245.35496700000002,2.052,15.197000000000001,3.751,20.1759,0.0
0.096,2.601,0.30300000000000005,2.4749999999999996,0.0,0.0,0.0,0.0,1.0
0.363,2.3520000000000003,0.28500000000000003,-1.512,0.0,0.0,0.0,0.0,1.0
0.56496,3.81216,0.90816,2.3253120000000003,0.0,0.0,0.0,0.0,1.0
20.39499,261.25011,42.084900000000005,245.35496700000002,2.052,15.197000000000001,3.751,20.1759,1.0
0.096,2.601,0.30300000000000005,2.4749999999999996,0.0,0.0,0.0,0.0,1.0
0.363,2.3520000000000003,0.28500000000000003,-1.512,0.0,0.0,0.0,0.0,1.0
0.56496,3.81216,0.90816,2.3253120000000003,0.0,0.0,0.0,0.0,1.0
20.39499,261.25011,42.084900000000005,245.35496700000002,2.052,15.197000000000001,3.751,20.1759,1.0
0.096,2.601,0.30300000000000005,2.4749999999999996,0.0,0.0,0.0,0.0,0.0
0.363,2.3520000000000003,0.28500000000000003,-1.512,0.0,0.0,0.0,0.0,0.0
0.56496,3.81216,0.90816,2.3253120000000003,0.0,0.0,0.0,0.0,1.0
0.096,2.601,0.30300000000000005,2.4749999999999996,0.0,0.0,0.0,0.0,0.0
0.56496,3.81216,0.90816,2.3253120000000003,0.0,0.0,0.0,0.0,1.0
0.096,2.601,0.30300000000000005,2.4749999999999996,0.0,0.0,0.0,0.0,1.0
0.096,2.601,0.30300000000000005,2.4749999999999996,0.0,0.0,0.0,0.0,1.0
0.096,2.601,0.30300000000000005,2.4749999999999996,0.0,0.0,0.0,0.0,1.0
0.4212000000000001,2.5992,0.5796000000000001,3.3019200000000004,0.0,0.0,0.0,0.0,1.0
0.4212000000000001,2.5992,0.5796000000000001,3.3019200000000004,0.0,0.0,0.0,0.0,1.0
0.4212000000000001,2.5992,0.5796000000000001,3.3019200000000004,0.0,0.0,0.0,0.0,1.0
0.4212000000000001,2.5992,0.5796000000000001,3.3019200000000004,0.0,0.0,0.0,0.0,1.0
0.4212000000000001,2.5992,0.5796000000000001,3.3019200000000004,0.0,0.0,0.0,0.0,0.0
0.4212000000000001,2.5992,0.5796000000000001,3.3019200000000004,0.0,0.0,0.0,0.0,1.0
0.4212000000000001,2.5992,0.5796000000000001,3.3019200000000004,0.0,0.0,0.0,0.0,1.0
0.135,2.8649999999999998,0.0,-1.2117,0.0,0.0,0.0,0.0,1.0
1.13344,15.949119999999999,3.1776799999999996,20.215712,0.0,0.0,0.0,0.0,0.0
0.135,2.8649999999999998,0.0,-1.2117,0.0,0.0,0.0,0.0,1.0
1.13344,15.949119999999999,3.1776799999999996,20.215712,0.0,0.0,0.0,0.0,0.0
0.135,2.8649999999999998,0.0,-1.2117,0.0,0.0,0.0,0.0,1.0
1.17344,17.455119999999997,3.63168,22.042512,0.0,0.0,0.0,0.0,0.0
0.135,2.8649999999999998,0.0,-1.2117,0.0,0.0,0.0,0.0,1.0
1.17344,17.455119999999997,3.63168,22.042512,0.0,0.0,0.0,0.0,1.0
0.135,2.8649999999999998,0.0,-1.2117,0.0,0.0,0.0,0.0,1.0
1.17344,17.455119999999997,3.63168,22.042512,0.0,0.0,0.0,0.0,1.0
0.135,2.8649999999999998,0.0,-1.2117,0.0,0.0,0.0,0.0,1.0
1.17344,17.455119999999997,3.63168,22.042512,0.0,0.0,0.0,0.0,1.0
0.135,2.8649999999999998,0.0,-1.2117,0.0,0.0,0.0,0.0,1.0
1.17344,17.455119999999997,3.63168,22.042512,0.0,0.0,0.0,0.0,1.0
0.04,1.506,0.454,1.8268,0.0,0.0,0.0,0.0,1.0
0.04,1.506,0.454,1.8268,0.0,0.0,0.0,0.0,0.0
1.1703000000000001,9.982800000000001,2.9328000000000003,14.083080000000002,0.15000000000000002,5.04,0.81,5.8374,0.0
1.1703000000000001,9.982800000000001,2.9328000000000003,14.083080000000002,0.15000000000000002,5.04,0.81,5.8374,1.0
1.1703000000000001,9.982800000000001,2.9328000000000003,14.083080000000002,0.15000000000000002,5.04,0.81,5.8374,1.0
2.65812,86.7654,11.59056,92.53198800000001,0.0,0.0,0.0,0.0,1.0
1.1703000000000001,9.982800000000001,2.9328000000000003,14.083080000000002,0.15000000000000002,5.04,0.81,5.8374,1.0
2.65812,86.7654,11.59056,92.53198800000001,0.0,0.0,0.0,0.0,1.0
1.1703000000000001,9.982800000000001,2.9328000000000003,14.083080000000002,0.15000000000000002,5.04,0.81,5.8374,1.0
2.65812,86.7654,11.59056,92.53198800000001,0.0,0.0,0.0,0.0,1.0
1.1703000000000001,9.982800000000001,2.9328000000000003,14.083080000000002,0.15000000000000002,5.04,0.81,5.8374,1.0
2.65812,86.7654,11.59056,92.53198800000001,0.0,0.0,0.0,0.0,1.0
1.1703000000000001,9.982800000000001,2.9328000000000003,14.083080000000002,0.15000000000000002,5.04,0.81,5.8374,1.0
2.65812,86.7654,11.59056,92.53198800000001,0.0,0.0,0.0,0.0,1.0
2.65812,86.7654,11.59056,92.53198800000001,0.0,0.0,0.0,0.0,1.0
2.65812,86.7654,11.59056,92.53198800000001,0.0,0.0,0.0,0.0,1.0
0.40264,7.367840000000001,1.5095200000000002,8.47164,0.0,0.0,0.0,0.0,1.0
0.38637000000000005,1.68885,0.35478,0.6772410000000001,0.0,0.0,0.0,0.0,0.0
0.40264,7.367840000000001,1.5095200000000002,8.47164,0.0,0.0,0.0,0.0,1.0
0.38637000000000005,1.68885,0.35478,0.6772410000000001,0.0,0.0,0.0,0.0,0.0
0.40264,7.367840000000001,1.5095200000000002,8.47164,0.0,0.0,0.0,0.0,1.0
0.45437000000000005,3.37685,0.59678,2.518641,0.0,0.0,0.0,0.0,0.0
0.40264,7.367840000000001,1.5095200000000002,8.47164,0.0,0.0,0.0,0.0,1.0
0.45437000000000005,3.37685,0.59678,2.518641,0.0,0.0,0.0,0.0,0.0
0.026,1.71,0.264,1.8962,0.0,0.0,0.0,0.0,1.0
0.40264,7.367840000000001,1.5095200000000002,8.47164,0.0,0.0,0.0,0.0,1.0
0.45437000000000005,3.37685,0.59678,2.518641,0.0,0.0,0.0,0.0,0.0
0.026,1.71,0.264,1.8962,0.0,0.0,0.0,0.0,1.0
0.40264,7.367840000000001,1.5095200000000002,8.47164,0.0,0.0,0.0,0.0,1.0
0.45437000000000005,3.37685,0.59678,2.518641,0.0,0.0,0.0,0.0,0.0
0.026,1.71,0.264,1.8962,0.0,0.0,0.0,0.0,1.0
0.40264,7.367840000000001,1.5095200000000002,8.47164,0.0,0.0,0.0,0.0,1.0
0.45437000000000005,3.37685,0.59678,2.518641,0.0,0.0,0.0,0.0,0.0
0.026,1.71,0.264,1.8962,0.0,0.0,0.0,0.0,0.0
0.068,1.688,0.242,1.8414,0.0,0.0,0.0,0.0,0.0
0.026,1.71,0.264,1.8962,0.0,0.0,0.0,0.0,0.0
0.068,1.688,0.242,1.8414,0.0,0.0,0.0,0.0,0.0
0.026,1.71,0.264,1.8962,0.0,0.0,0.0,0.0,0.0
0.026,1.71,0.264,1.8962,0.0,0.0,0.0,0.0,0.0
0.0432,2.1432,0.2136,2.0114400000000003,0.0,0.0,0.0,0.0,1.0
0.0,1.2045000000000001,0.2955,1.4358,0.0,0.0,0.0,0.0,1.0
0.0432,2.1432,0.2136,2.0114400000000003,0.0,0.0,0.0,0.0,1.0
0.0,1.2045000000000001,0.2955,1.4358,0.0,0.0,0.0,0.0,0.0
0.3888,6.1848,0.6264,0.18576,0.0,0.0,0.0,0.0,0.0
0.0432,2.1432,0.2136,2.0114400000000003,0.0,0.0,0.0,0.0,0.0
0.0,1.2045000000000001,0.2955,1.4358,0.0,0.0,0.0,0.0,0.0
0.3888,6.1848,0.6264,0.18576,0.0,0.0,0.0,0.0,0.0
0.0432,2.1432,0.2136,2.0114400000000003,0.0,0.0,0.0,0.0,1.0
0.0,1.2045000000000001,0.2955,1.4358,0.0,0.0,0.0,0.0,0.0
0.3888,6.1848,0.6264,0.18576,0.0,0.0,0.0,0.0,0.0
0.0432,2.1432,0.2136,2.0114400000000003,0.0,0.0,0.0,0.0,0.0
0.0,1.2045000000000001,0.2955,1.4358,0.0,0.0,0.0,0.0,1.0
0.036,1.748,0.216,1.7378,0.0,0.0,0.0,0.0,1.0
0.3888,6.1848,0.6264,0.18576,0.0,0.0,0.0,0.0,1.0
0.0432,2.1432,0.2136,2.0114400000000003,0.0,0.0,0.0,0.0,1.0
0.0,1.2045000000000001,0.2955,1.4358,0.0,0.0,0.0,0.0,1.0
0.036,1.748,0.216,1.7378,0.0,0.0,0.0,0.0,1.0
0.3888,6.1848,0.6264,0.18576,0.0,0.0,0.0,0.0,1.0
0.0,3.0,0.0,0.0,0.0,0.0,0.0,0.0,0.0
0.0432,2.1432,0.2136,2.0114400000000003,0.0,0.0,0.0,0.0,1.0
0.0,1.2045000000000001,0.2955,1.4358,0.0,0.0,0.0,0.0,1.0
0.036,1.748,0.216,1.7378,0.0,0.0,0.0,0.0,1.0
0.3888,6.1848,0.6264,0.18576,0.0,0.0,0.0,0.0,1.0
0.0,3.0,0.0,0.0,0.0,0.0,0.0,0.0,0.0
0.036,1.748,0.216,1.7378,0.0,0.0,0.0,0.0,1.0
0.3888,6.1848,0.6264,0.18576,0.0,0.0,0.0,0.0,1.0
0.0,3.0,0.0,0.0,0.0,0.0,0.0,0.0,0.0
0.036,1.748,0.216,1.7378,0.0,0.0,0.0,0.0,1.0
0.0,3.0,0.0,0.0,0.0,0.0,0.0,0.0,0.0
0.036,1.748,0.216,1.7378,0.0,0.0,0.0,0.0,1.0
0.0,3.0,0.0,0.0,0.0,0.0,0.0,0.0,0.0
0.036,1.748,0.216,1.7378,0.0,0.0,0.0,0.0,1.0
0.0,3.0,0.0,0.0,0.0,0.0,0.0,0.0,1.0
0.0,3.0,0.0,0.0,0.0,0.0,0.0,0.0,0.0
0.0,7.0,0.0,0.0,0.0,0.0,0.0,0.0,1.0
0.0,7.0,0.0,0.0,0.0,0.0,0.0,0.0,1.0
0.0,7.0,0.0,0.0,0.0,0.0,0.0,0.0,1.0
0.0,7.0,0.0,0.0,0.0,0.0,0.0,0.0,1.0
0.126,1.1865,0.1875,1.34025,0.0,0.0,0.0,0.0,1.0
1.7884799999999998,26.72296,3.32856,24.762996,0.0,0.0,0.0,0.0,0.0
0.0,35.327999999999996,8.831999999999999,43.912704,0.0,0.0,0.0,0.0,1.0
0.126,1.1865,0.1875,1.34025,0.0,0.0,0.0,0.0,1.0
1.7884799999999998,26.72296,3.32856,24.762996,0.0,0.0,0.0,0.0,0.0
0.0,35.327999999999996,8.831999999999999,43.912704,0.0,0.0,0.0,0.0,1.0
0.126,1.1865,0.1875,1.34025,0.0,0.0,0.0,0.0,1.0
1.7884799999999998,26.72296,3.32856,24.762996,0.0,0.0,0.0,0.0,0.0
0.0,35.327999999999996,8.831999999999999,43.912704,0.0,0.0,0.0,0.0,1.0
0.126,1.1865,0.1875,1.34025,0.0,0.0,0.0,0.0,1.0
1.7884799999999998,19.72296,3.32856,24.762996,0.0,0.0,0.0,0.0,0.0
0.0,2.8529999999999998,0.14700000000000002,2.2518000000000002,0.0,0.0,0.0,0.0,1.0
0.0,35.327999999999996,8.831999999999999,43.912704,0.0,0.0,0.0,0.0,0.0
0.456,2.6845,0.3595,-0.45835000000000004,0.0,0.0,0.0,0.0,1.0
1.7884799999999998,19.72296,3.32856,24.762996,0.0,0.0,0.0,0.0,0.0
0.0,2.8529999999999998,0.14700000000000002,2.2518000000000002,0.0,0.0,0.0,0.0,1.0
0.0,35.327999999999996,8.831999999999999,43.912704,0.0,0.0,0.0,0.0,0.0
0.456,2.6845,0.3595,-0.45835000000000004,0.0,0.0,0.0,0.0,1.0
1.7884799999999998,19.72296,3.32856,24.762996,0.0,0.0,0.0,0.0,1.0
0.0,2.8529999999999998,0.14700000000000002,2.2518000000000002,0.0,0.0,0.0,0.0,1.0
0.0,35.327999999999996,8.831999999999999,43.912704,0.0,0.0,0.0,0.0,0.0
0.456,2.6845,0.3595,-0.45835000000000004,0.0,0.0,0.0,0.0,1.0
1.7884799999999998,19.72296,3.32856,24.762996,0.0,0.0,0.0,0.0,1.0
0.0,2.8529999999999998,0.14700000000000002,2.2518000000000002,0.0,0.0,0.0,0.0,1.0
0.0,35.327999999999996,8.831999999999999,43.912704,0.0,0.0,0.0,0.0,0.0
0.0,49.283919999999995,10.946079999999998,32.157044,0.0,0.0,0.0,0.0,1.0
0.33,1.498,0.172,-1.7986,0.0,0.0,0.0,0.0,1.0
0.0,2.8529999999999998,0.14700000000000002,2.2518000000000002,0.0,0.0,0.0,0.0,0.0
0.0,51.68391999999999,10.946079999999998,32.157044,0.278,1.344,0.38,0.3802,1.0
0.33,1.498,0.172,-1.7986,0.0,0.0,0.0,0.0,1.0
0.0,2.8529999999999998,0.14700000000000002,2.2518000000000002,0.0,0.0,0.0,0.0,0.0
0.0,51.68391999999999,10.946079999999998,32.157044,0.278,1.344,0.38,0.3802,1.0
0.33,1.498,0.172,-1.7986,0.0,0.0,0.0,0.0,1.0
0.0,2.8529999999999998,0.14700000000000002,2.2518000000000002,0.0,0.0,0.0,0.0,0.0
0.0,51.68391999999999,10.946079999999998,32.157044,0.278,1.344,0.38,0.3802,1.0
0.33,1.498,0.172,-1.7986,0.0,0.0,0.0,0.0,1.0
1.24936,102.36447999999999,13.336159999999998,65.830012,0.458,3.561,0.983,3.3627999999999996,1.0
1.24936,102.36447999999999,13.336159999999998,65.830012,0.458,3.561,0.983,3.3627999999999996,1.0
0.0,3.1536,1.1664,3.9877920000000002,0.0,2.055,0.9450000000000001,2.5998,1.0
1.24936,102.36447999999999,13.336159999999998,65.830012,0.458,3.561,0.983,3.3627999999999996,1.0
0.0,3.1536,1.1664,3.9877920000000002,0.0,2.055,0.9450000000000001,2.5998,1.0
1.5988600000000002,58.584059999999994,3.0335799999999997,38.538968,0.458,3.561,0.983,3.3627999999999996,1.0
0.0,3.1536,1.1664,3.9877920000000002,0.0,2.055,0.9450000000000001,2.5998,1.0
1.5988600000000002,56.18406,3.0335799999999997,38.538968,0.18,2.217,0.603,2.9825999999999997,1.0
0.51554,2.6163600000000002,0.2081,-3.00032,0.204,3.526,0.27,0.5306,1.0
0.0,3.1536,1.1664,3.9877920000000002,0.0,2.055,0.9450000000000001,2.5998,1.0
1.5988600000000002,68.34178,3.79586,45.050647999999995,1.6110000000000002,25.452999999999996,4.936,17.239800000000002,1.0
0.51554,2.6163600000000002,0.2081,-3.00032,0.204,3.526,0.27,0.5306,1.0
0.11424000000000001,8.82528,2.10048,10.62312,0.0,2.055,0.9450000000000001,2.5998,1.0
0.0,5.751200000000001,1.5288,6.857032,0.0,0.0,0.0,0.0,1.0
1.5988600000000002,68.34178,3.79586,45.050647999999995,1.6110000000000002,25.452999999999996,4.936,17.239800000000002,1.0
1.0404200000000001,8.426490000000001,1.1630900000000002,4.120552000000002,0.204,3.526,0.27,0.5306,1.0
0.11424000000000001,8.82528,2.10048,10.62312,0.0,2.055,0.9450000000000001,2.5998,1.0
0.0,5.751200000000001,1.5288,6.857032,0.0,0.0,0.0,0.0,1.0
0.34950000000000003,43.04122,1.40578,11.37768,2.2640000000000002,28.730999999999998,5.005,13.011899999999999,1.0
1.0404200000000001,8.426490000000001,1.1630900000000002,4.120552000000002,0.204,3.526,0.27,0.5306,1.0
0.11424000000000001,8.82528,2.10048,10.62312,0.0,2.055,0.9450000000000001,2.5998,1.0
0.0,5.751200000000001,1.5288,6.857032,0.0,0.0,0.0,0.0,1.0
0.34950000000000003,43.04122,1.40578,11.37768,2.2640000000000002,28.730999999999998,5.005,13.011899999999999,1.0
1.0404200000000001,8.426490000000001,1.1630900000000002,4.120552000000002,0.204,3.526,0.27,0.5306,1.0
0.11424000000000001,5.671679999999999,0.93408,6.635328,0.0,0.0,0.0,0.0,1.0
0.0,5.751200000000001,1.5288,6.857032,0.0,0.0,0.0,0.0,1.0
0.34950000000000003,43.04122,1.40578,11.37768,2.2640000000000002,28.730999999999998,5.005,13.011899999999999,1.0
1.0404200000000001,8.426490000000001,1.1630900000000002,4.120552000000002,0.204,3.526,0.27,0.5306,1.0
0.11424000000000001,5.671679999999999,0.93408,6.635328,0.0,0.0,0.0,0.0,1.0
0.0,5.751200000000001,1.5288,6.857032,0.0,0.0,0.0,0.0,1.0
0.034170000000000006,100.88669,11.90914,80.08025899999998,2.504,35.259,6.237,18.5409,1.0
1.0404200000000001,8.426490000000001,1.1630900000000002,4.120552000000002,0.204,3.526,0.27,0.5306,1.0
0.11424000000000001,5.671679999999999,0.93408,6.635328,0.0,0.0,0.0,0.0,1.0
0.0,5.751200000000001,1.5288,6.857032,0.0,0.0,0.0,0.0,1.0
0.034170000000000006,100.88669,11.90914,80.08025899999998,2.504,35.259,6.237,18.5409,1.0
0.52488,5.810130000000001,0.9549900000000001,7.120872000000001,0.0,0.0,0.0,0.0,1.0
0.11424000000000001,5.671679999999999,0.93408,6.635328,0.0,0.0,0.0,0.0,1.0
0.0,1.444,0.07600000000000001,0.610888,0.0,0.0,0.0,0.0,1.0
0.0,5.751200000000001,1.5288,6.857032,0.0,0.0,0.0,0.0,1.0
0.034170000000000006,88.72897,11.14686,73.56857899999999,1.073,12.023,1.9040000000000001,4.2837,0.0
0.8134000000000001,9.075220000000002,1.7313800000000001,11.444538000000001,0.0,0.0,0.0,0.0,0.0
0.52488,5.810130000000001,0.9549900000000001,7.120872000000001,0.0,0.0,0.0,0.0,0.0
0.0,3.036,0.484,2.149088,0.434,3.566,0.0,-1.5368,0.0
1.14137,93.12577,12.03646,71.25689899999999,1.073,12.023,1.9040000000000001,4.2837,0.0
0.8134000000000001,9.075220000000002,1.7313800000000001,11.444538000000001,0.0,0.0,0.0,0.0,0.0
0.0,4.8,0.2,1.806,0.0,0.0,0.0,0.0,0.0
0.0,3.036,0.484,2.149088,0.434,3.566,0.0,-1.5368,0.0
1.14137,67.74577,12.03646,71.25689899999999,0.24,6.5280000000000005,1.232,5.529,0.0
0.8134000000000001,9.075220000000002,1.7313800000000001,11.444538000000001,0.0,0.0,0.0,0.0,0.0
0.8349599999999999,2.0050399999999997,0.0,-2.595476,0.0,1.754,0.246,1.4192,0.0
0.0,4.8,0.2,1.806,0.0,0.0,0.0,0.0,0.0
0.0,3.036,0.484,2.149088,0.434,3.566,0.0,-1.5368,0.0
1.14137,67.74577,12.03646,71.25689899999999,0.24,6.5280000000000005,1.232,5.529,0.0
0.8134000000000001,9.075220000000002,1.7313800000000001,11.444538000000001,0.0,0.0,0.0,0.0,0.0
0.8349599999999999,2.0050399999999997,0.0,-2.595476,0.0,1.754,0.246,1.4192,0.0
0.0,4.8,0.2,1.806,0.0,0.0,0.0,0.0,0.0
0.0,3.036,0.484,2.149088,0.434,3.566,0.0,-1.5368,0.0
1.51523,69.08242,12.33595,69.68387299999999,0.24,6.5280000000000005,1.232,5.529,0.0
0.8134000000000001,9.075220000000002,1.7313800000000001,11.444538000000001,0.0,0.0,0.0,0.0,0.0
0.8349599999999999,2.0050399999999997,0.0,-2.595476,0.0,1.754,0.246,1.4192,0.0
0.0,4.8,0.2,1.806,0.0,0.0,0.0,0.0,0.0
0.0,3.036,0.484,2.149088,0.434,3.566,0.0,-1.5368,0.0
1.48106,5.733450000000001,1.1890900000000002,-3.8847060000000004,0.0,0.0,0.0,0.0,0.0
0.8134000000000001,9.075220000000002,1.7313800000000001,11.444538000000001,0.0,0.0,0.0,0.0,0.0
0.8349599999999999,2.0050399999999997,0.0,-2.595476,0.0,1.754,0.246,1.4192,0.0
0.0,4.8,0.2,1.806,0.0,0.0,0.0,0.0,0.0
0.0,3.036,0.484,2.149088,0.434,3.566,0.0,-1.5368,0.0
1.94106,7.105450000000001,1.3570900000000001,-5.800306000000001,0.0,0.0,0.0,0.0,0.0
0.8134000000000001,9.075220000000002,1.7313800000000001,11.444538000000001,0.0,0.0,0.0,0.0,0.0
0.8349599999999999,2.0050399999999997,0.0,-2.595476,0.0,1.754,0.246,1.4192,0.0
0.0,4.8,0.2,1.806,0.0,0.0,0.0,0.0,0.0
0.0,1.592,0.408,1.5382,0.434,3.566,0.0,-1.5368,0.0
1.94106,9.13207,1.7604700000000002,-3.637606000000001,0.0,0.0,0.0,0.0,0.0
0.8349599999999999,2.0050399999999997,0.0,-2.595476,0.0,1.754,0.246,1.4192,0.0
0.0,6.10112,0.41888000000000003,2.905872,0.0,0.0,0.0,0.0,0.0
0.9868600000000001,11.37727,3.07587,7.453574000000001,0.17400000000000002,2.043,0.783,2.9058,0.0
0.8349599999999999,11.00504,1.0,7.198524000000001,0.0,1.754,0.246,1.4192,0.0
0.0,1.30112,0.21888,1.099872,0.0,0.0,0.0,0.0,0.0
0.126,2.754,0.12,-0.8832,0.0,0.0,0.0,0.0,0.0
0.9868600000000001,12.38227,3.57087,8.900324000000001,0.17400000000000002,2.043,0.783,2.9058,0.0
0.0,9.0,1.0,9.794,0.0,0.0,0.0,0.0,0.0
0.0,1.30112,0.21888,1.099872,0.0,0.0,0.0,0.0,0.0
0.126,2.754,0.12,-0.8832,0.0,0.0,0.0,0.0,0.0
0.9868600000000001,12.38227,3.57087,8.900324000000001,0.17400000000000002,2.043,0.783,2.9058,1.0
0.0,9.0,1.0,9.794,0.0,0.0,0.0,0.0,1.0
0.0,1.30112,0.21888,1.099872,0.0,0.0,0.0,0.0,0.0
0.126,2.754,0.12,-0.8832,0.0,0.0,0.0,0.0,0.0
0.613,11.045620000000001,3.27138,10.47335,0.17400000000000002,2.043,0.783,2.9058,1.0
0.0,9.0,1.0,9.794,0.0,0.0,0.0,0.0,1.0
0.0,1.30112,0.21888,1.099872,0.0,0.0,0.0,0.0,0.0
0.126,2.754,0.12,-0.8832,0.0,0.0,0.0,0.0,0.0
0.7525,12.187120000000002,3.49188,11.7089,0.17400000000000002,2.043,0.783,2.9058,1.0
0.0,9.0,1.0,9.794,0.0,0.0,0.0,0.0,1.0
0.0,1.30112,0.21888,1.099872,0.0,0.0,0.0,0.0,1.0
0.126,2.754,0.12,-0.8832,0.0,0.0,0.0,0.0,1.0
0.29250000000000004,10.81512,3.3238800000000004,13.6245,0.17400000000000002,2.043,0.783,2.9058,1.0
0.0,9.0,1.0,9.794,0.0,0.0,0.0,0.0,0.0
0.0,1.30112,0.21888,1.099872,0.0,0.0,0.0,0.0,0.0
0.126,2.754,0.12,-0.8832,0.0,0.0,0.0,0.0,0.0
0.29250000000000004,8.788499999999999,2.9205,11.4618,0.17400000000000002,2.043,0.783,2.9058,1.0
0.0,9.0,1.0,9.794,0.0,0.0,0.0,0.0,0.0
0.126,2.754,0.12,-0.8832,0.0,0.0,0.0,0.0,0.0
0.1395,2.1465,0.7155,2.6822999999999997,0.0,0.0,0.0,0.0,1.0
0.07636000000000001,2.6858800000000005,0.55776,3.296428,0.0,0.0,0.0,0.0,0.0
0.1395,1.1415,0.22049999999999997,1.23555,0.0,0.0,0.0,0.0,1.0
0.07636000000000001,2.6858800000000005,0.55776,3.296428,0.0,0.0,0.0,0.0,0.0
0.0,2.0,0.0,0.0,0.218,1.494,0.286,1.3828,0.0
0.0,1.2889599999999999,0.23104,0.949848,0.0,0.0,0.0,0.0,1.0
0.10336000000000001,1.11264,0.30400000000000005,1.4219600000000001,0.0,0.0,0.0,0.0,0.0
0.1395,1.1415,0.22049999999999997,1.23555,0.0,0.0,0.0,0.0,1.0
0.07636000000000001,2.6858800000000005,0.55776,3.296428,0.0,0.0,0.0,0.0,1.0
0.0,2.0,0.0,0.0,0.218,1.494,0.286,1.3828,0.0
0.0,1.2889599999999999,0.23104,0.949848,0.0,0.0,0.0,0.0,1.0
0.10336000000000001,1.11264,0.30400000000000005,1.4219600000000001,0.0,0.0,0.0,0.0,0.0
0.1395,1.1415,0.22049999999999997,1.23555,0.0,0.0,0.0,0.0,1.0
0.07636000000000001,2.6858800000000005,0.55776,3.296428,0.0,0.0,0.0,0.0,1.0
0.0,2.0,0.0,0.0,0.218,1.494,0.286,1.3828,0.0
0.0,1.2889599999999999,0.23104,0.949848,0.0,0.0,0.0,0.0,1.0
0.10336000000000001,1.11264,0.30400000000000005,1.4219600000000001,0.0,0.0,0.0,0.0,0.0
0.07636000000000001,2.6858800000000005,0.55776,3.296428,0.0,0.0,0.0,0.0,1.0
0.0,2.0,0.0,0.0,0.218,1.494,0.286,1.3828,0.0
1.02375,7.152999999999999,1.5332499999999998,4.70742,0.0,0.0,0.0,0.0,1.0
0.10336000000000001,1.11264,0.30400000000000005,1.4219600000000001,0.0,0.0,0.0,0.0,0.0
0.07636000000000001,2.6858800000000005,0.55776,3.296428,0.0,0.0,0.0,0.0,0.0
0.62608,7.43088,1.2230400000000001,6.760936,0.218,1.494,0.286,1.3828,0.0
1.02375,7.152999999999999,1.5332499999999998,4.70742,0.0,0.0,0.0,0.0,0.0
0.10336000000000001,1.11264,0.30400000000000005,1.4219600000000001,0.0,0.0,0.0,0.0,0.0
0.07636000000000001,2.6858800000000005,0.55776,3.296428,0.0,0.0,0.0,0.0,1.0
0.62608,7.43088,1.2230400000000001,6.760936,0.218,1.494,0.286,1.3828,0.0
1.02375,7.152999999999999,1.5332499999999998,4.70742,0.0,0.0,0.0,0.0,0.0
0.10336000000000001,1.11264,0.30400000000000005,1.4219600000000001,0.0,0.0,0.0,0.0,0.0
0.35100000000000003,2.448,0.201,-2.5599,0.0,0.0,0.0,0.0,0.0
0.62608,7.43088,1.2230400000000001,6.760936,0.218,1.494,0.286,1.3828,1.0
1.1597499999999998,8.828999999999999,1.7212499999999997,5.49302,0.0,0.0,0.0,0.0,0.0
0.10336000000000001,1.11264,0.30400000000000005,1.4219600000000001,0.0,0.0,0.0,0.0,0.0
0.35100000000000003,2.448,0.201,-2.5599,0.0,0.0,0.0,0.0,0.0
0.75328,7.617280000000001,1.3094400000000002,5.655495999999999,0.0,0.0,0.0,0.0,1.0
1.1597499999999998,7.540039999999999,1.4902099999999998,4.543171999999999,0.0,0.0,0.0,0.0,0.0
0.35100000000000003,2.448,0.201,-2.5599,0.0,0.0,0.0,0.0,0.0
0.75328,7.617280000000001,1.3094400000000002,5.655495999999999,0.0,0.0,0.0,0.0,1.0
1.1597499999999998,7.540039999999999,1.4902099999999998,4.543171999999999,0.0,0.0,0.0,0.0,0.0
0.35100000000000003,2.448,0.201,-2.5599,0.0,0.0,0.0,0.0,0.0
0.7851999999999999,8.71624,1.69856,7.105879999999999,0.0,0.0,0.0,0.0,1.0
1.1597499999999998,7.540039999999999,1.4902099999999998,4.543171999999999,0.0,0.0,0.0,0.0,0.0
0.35100000000000003,2.448,0.201,-2.5599,0.0,0.0,0.0,0.0,0.0
0.7851999999999999,8.71624,1.69856,7.105879999999999,0.0,0.0,0.0,0.0,1.0
0.136,1.676,0.188,0.7856,0.0,0.0,0.0,0.0,1.0
0.35100000000000003,2.448,0.201,-2.5599,0.0,0.0,0.0,0.0,1.0
0.15912,3.2853600000000003,0.47552000000000005,0.3449439999999999,0.0,0.0,0.0,0.0,1.0
0.136,1.676,0.188,0.7856,0.0,0.0,0.0,0.0,1.0
0.35100000000000003,2.448,0.201,-2.5599,0.0,0.0,0.0,0.0,1.0
0.15912,3.2853600000000003,0.47552000000000005,0.3449439999999999,0.0,0.0,0.0,0.0,1.0
0.32797,5.837960000000001,0.66164,4.490114,0.0,0.0,0.0,0.0,1.0
0.15912,3.2853600000000003,0.47552000000000005,0.3449439999999999,0.0,0.0,0.0,0.0,1.0
0.19197,4.1619600000000005,0.47364000000000006,3.7045140000000005,0.0,0.0,0.0,0.0,1.0
0.031920000000000004,1.09896,0.38912,1.4503840000000001,0.0,0.0,0.0,0.0,1.0
0.19197,4.1619600000000005,0.47364000000000006,3.7045140000000005,0.0,0.0,0.0,0.0,1.0
0.031920000000000004,1.09896,0.38912,1.4503840000000001,0.0,0.0,0.0,0.0,1.0
0.19197,4.1619600000000005,0.47364000000000006,3.7045140000000005,0.0,0.0,0.0,0.0,1.0
0.19197,4.1619600000000005,0.47364000000000006,3.7045140000000005,0.0,0.0,0.0,0.0,1.0
0.19197,4.1619600000000005,0.47364000000000006,3.7045140000000005,0.0,0.0,0.0,0.0,1.0
0.19197,4.1619600000000005,0.47364000000000006,3.7045140000000005,0.0,0.0,0.0,0.0,0.0
0.76,4.91872,0.40128,-4.773408,0.0,0.0,0.0,0.0,1.0
1.26232,10.429680000000001,1.668,2.4556320000000005,0.0,0.0,0.0,0.0,1.0
1.26232,10.429680000000001,1.668,2.4556320000000005,0.0,0.0,0.0,0.0,1.0
0.748,3.04,0.212,-3.4564,0.0,0.0,0.0,0.0,1.0
1.26232,10.429680000000001,1.668,2.4556320000000005,0.0,0.0,0.0,0.0,0.0
0.748,3.04,0.212,-3.4564,0.0,0.0,0.0,0.0,0.0
1.26232,10.429680000000001,1.668,2.4556320000000005,0.0,0.0,0.0,0.0,0.0
0.748,3.04,0.212,-3.4564,0.0,0.0,0.0,0.0,0.0
1.26232,10.429680000000001,1.668,2.4556320000000005,0.0,0.0,0.0,0.0,0.0
0.748,3.04,0.212,-3.4564,0.0,0.0,0.0,0.0,0.0
1.26232,10.429680000000001,1.668,2.4556320000000005,0.0,0.0,0.0,0.0,0.0
0.748,3.04,0.212,-3.4564,0.0,0.0,0.0,0.0,0.0
0.5023200000000001,5.51096,1.2667199999999998,7.22904,0.0,0.0,0.0,0.0,0.0
0.748,3.04,0.212,-3.4564,0.0,0.0,0.0,0.0,0.0
0.748,3.04,0.212,-3.4564,0.0,0.0,0.0,0.0,0.0
0.1296,1.6329600000000002,0.39744,2.047248,0.0,0.0,0.0,0.0,0.0
0.0,1.2000000000000002,0.0,0.0,0.0,0.0,0.0,0.0,0.0
0.09828,1.0256399999999999,0.13608,1.120644,0.0,0.0,0.0,0.0,0.0
0.1296,1.6329600000000002,0.39744,2.047248,0.0,0.0,0.0,0.0,0.0
0.0,1.2000000000000002,0.0,0.0,0.0,0.0,0.0,0.0,0.0
0.09828,1.0256399999999999,0.13608,1.120644,0.0,0.0,0.0,0.0,0.0
0.1296,1.6329600000000002,0.39744,2.047248,0.0,0.0,0.0,0.0,0.0
0.0,1.2000000000000002,0.0,0.0,0.0,0.0,0.0,0.0,0.0
0.09828,1.0256399999999999,0.13608,1.120644,0.0,0.0,0.0,0.0,0.0
0.1296,1.6329600000000002,0.39744,2.047248,0.0,0.0,0.0,0.0,0.0
0.0,1.2000000000000002,0.0,0.0,0.0,0.0,0.0,0.0,0.0
0.09828,1.0256399999999999,0.13608,1.120644,0.0,0.0,0.0,0.0,1.0
0.31055999999999995,3.54,0.62944,3.5139519999999997,0.0,0.0,0.0,0.0,1.0
0.0,1.2000000000000002,0.0,0.0,0.0,0.0,0.0,0.0,1.0
6.717210000000001,75.01935,18.31344,97.638474,0.0,1.416,0.584,1.53,0.0
0.31055999999999995,3.54,0.62944,3.5139519999999997,0.0,0.0,0.0,0.0,0.0
0.0,1.2000000000000002,0.0,0.0,0.0,0.0,0.0,0.0,0.0
6.717210000000001,75.01935,18.31344,97.638474,0.0,1.416,0.584,1.53,0.0
0.31055999999999995,3.54,0.62944,3.5139519999999997,0.0,0.0,0.0,0.0,1.0
0.0,1.2000000000000002,0.0,0.0,0.0,0.0,0.0,0.0,1.0
6.717210000000001,75.01935,18.31344,97.638474,0.0,1.416,0.584,1.53,0.0
0.18095999999999998,1.9070399999999998,0.23199999999999998,1.4667039999999998,0.0,0.0,0.0,0.0,0.0
6.618930000000001,73.99371000000001,18.17736,96.51783,0.0,1.416,0.584,1.53,0.0
0.18095999999999998,1.9070399999999998,0.23199999999999998,1.4667039999999998,0.0,0.0,0.0,0.0,0.0
6.618930000000001,73.99371000000001,18.17736,96.51783,0.0,1.416,0.584,1.53,0.0
0.18095999999999998,1.9070399999999998,0.23199999999999998,1.4667039999999998,0.0,0.0,0.0,0.0,0.0
6.618930000000001,73.99371000000001,18.17736,96.51783,0.0,1.416,0.584,1.53,0.0
0.18095999999999998,1.9070399999999998,0.23199999999999998,1.4667039999999998,0.0,0.0,0.0,0.0,0.0
6.618930000000001,73.99371000000001,18.17736,96.51783,0.0,1.416,0.584,1.53,0.0
0.26228,2.822,0.23572,-1.493004,0.0,0.0,0.0,0.0,1.0
2.36964,24.6078,3.40256,28.976443999999997,0.0,0.0,0.0,0.0,0.0
0.26228,2.822,0.23572,-1.493004,0.0,0.0,0.0,0.0,1.0
2.36964,24.6078,3.40256,28.976443999999997,0.0,0.0,0.0,0.0,1.0
0.26228,2.822,0.23572,-1.493004,0.0,0.0,0.0,0.0,1.0
2.36964,24.6078,3.40256,28.976443999999997,0.0,0.0,0.0,0.0,1.0
0.26228,2.822,0.23572,-1.493004,0.0,0.0,0.0,0.0,1.0
2.36964,24.6078,3.40256,28.976443999999997,0.0,0.0,0.0,0.0,1.0
2.17536,6.66336,1.7212800000000001,-6.4416,0.072,1.554,0.374,1.9256,1.0
0.26228,2.822,0.23572,-1.493004,0.0,0.0,0.0,0.0,1.0
2.36964,24.6078,3.40256,28.976443999999997,0.0,0.0,0.0,0.0,1.0
2.17536,6.66336,1.7212800000000001,-6.4416,0.072,1.554,0.374,1.9256,1.0
0.26228,2.822,0.23572,-1.493004,0.0,0.0,0.0,0.0,1.0
2.36964,24.6078,3.40256,28.976443999999997,0.0,0.0,0.0,0.0,1.0
2.17536,6.66336,1.7212800000000001,-6.4416,0.072,1.554,0.374,1.9256,1.0
0.26228,2.822,0.23572,-1.493004,0.0,0.0,0.0,0.0,1.0
2.36964,24.6078,3.40256,28.976443999999997,0.0,0.0,0.0,0.0,1.0
2.17536,6.66336,1.7212800000000001,-6.4416,0.072,1.554,0.374,1.9256,1.0
2.17536,6.66336,1.7212800000000001,-6.4416,0.072,1.554,0.374,1.9256,0.0
2.17536,6.66336,1.7212800000000001,-6.4416,0.072,1.554,0.374,1.9256,0.0
2.17536,6.66336,1.7212800000000001,-6.4416,0.072,1.554,0.374,1.9256,0.0
32.810579999999995,325.40903999999995,91.24038,411.61546799999996,6.069999999999999,36.922000000000004,9.03,22.736200000000004,1.0
33.31157999999999,326.23853999999994,91.41138000000001,410.146668,6.069999999999999,36.922000000000004,9.03,22.736200000000004,1.0
33.45017999999999,333.32399999999996,92.74732000000002,415.274142,6.483999999999999,41.794000000000004,9.738,27.046600000000005,1.0
33.45017999999999,333.32399999999996,92.74732000000002,415.274142,6.483999999999999,41.794000000000004,9.738,27.046600000000005,1.0
33.45017999999999,333.32399999999996,92.74732000000002,415.274142,6.483999999999999,41.794000000000004,9.738,27.046600000000005,1.0
0.078,1.854,0.068,-0.4906,0.0,0.0,0.0,0.0,0.0
33.45017999999999,333.32399999999996,92.74732000000002,415.274142,6.483999999999999,41.794000000000004,9.738,27.046600000000005,1.0
0.078,1.854,0.068,-0.4906,0.0,0.0,0.0,0.0,0.0
33.45017999999999,333.32399999999996,92.74732000000002,415.274142,6.483999999999999,41.794000000000004,9.738,27.046600000000005,0.0
0.078,1.854,0.068,-0.4906,0.0,0.0,0.0,0.0,0.0
0.6396,7.91496,1.50694,3.6586739999999995,0.41400000000000003,4.872,0.708,4.3104000000000005,0.0
0.078,1.854,0.068,-0.4906,0.0,0.0,0.0,0.0,0.0
0.1386,7.085459999999999,1.33594,5.127473999999999,0.41400000000000003,4.872,0.708,4.3104000000000005,1.0
0.078,1.854,0.068,-0.4906,0.0,0.0,0.0,0.0,0.0
0.078,1.854,0.068,-0.4906,0.0,0.0,0.0,0.0,0.0
0.078,1.854,0.068,-0.4906,0.0,0.0,0.0,0.0,0.0
0.31104,14.70528,2.2636800000000004,17.093376,0.0,0.0,0.0,0.0,0.0
0.31104,14.70528,2.2636800000000004,17.093376,0.0,0.0,0.0,0.0,0.0
0.31104,14.70528,2.2636800000000004,17.093376,0.0,0.0,0.0,0.0,0.0
0.0,1.66,0.34,1.6458,0.0,0.0,0.0,0.0,1.0
0.31104,14.70528,2.2636800000000004,17.093376,0.0,0.0,0.0,0.0,1.0
0.0,1.66,0.34,1.6458,0.0,0.0,0.0,0.0,1.0
0.31104,14.70528,2.2636800000000004,17.093376,0.0,0.0,0.0,0.0,1.0
0.0,1.66,0.34,1.6458,0.0,0.0,0.0,0.0,1.0
0.31104,106.99968,20.369280000000003,122.88969600000001,1.5410000000000001,20.263,1.196,-4.0917,1.0
0.0,1.66,0.34,1.6458,0.0,0.0,0.0,0.0,1.0
0.31104,106.99968,20.369280000000003,122.88969600000001,1.5410000000000001,20.263,1.196,-4.0917,1.0
0.0,1.66,0.34,1.6458,0.0,0.0,0.0,0.0,1.0
0.0,92.2944,18.105600000000003,105.79632000000001,1.5410000000000001,20.263,1.196,-4.0917,1.0
0.0,2.871,0.129,1.1517,0.0,0.0,0.0,0.0,0.0
1.0296,35.0856,3.5244,36.927,0.0,0.0,0.0,0.0,1.0
0.0,1.66,0.34,1.6458,0.0,0.0,0.0,0.0,1.0
0.0,92.2944,18.105600000000003,105.79632000000001,1.5410000000000001,20.263,1.196,-4.0917,1.0
0.0,2.871,0.129,1.1517,0.0,0.0,0.0,0.0,0.0
1.0296,35.0856,3.5244,36.927,0.0,0.0,0.0,0.0,1.0
0.0,1.66,0.34,1.6458,0.0,0.0,0.0,0.0,1.0
0.0,92.2944,18.105600000000003,105.79632000000001,1.5410000000000001,20.263,1.196,-4.0917,1.0
0.0,2.871,0.129,1.1517,0.0,0.0,0.0,0.0,0.0
1.0296,35.0856,3.5244,36.927,0.0,0.0,0.0,0.0,1.0
0.0,92.2944,18.105600000000003,105.79632000000001,1.5410000000000001,20.263,1.196,-4.0917,1.0
0.0,2.871,0.129,1.1517,0.0,0.0,0.0,0.0,0.0
0.0,1.3035,0.1965,1.1191499999999999,0.0,2.0,0.0,0.0,1.0
1.0296,35.0856,3.5244,36.927,0.0,0.0,0.0,0.0,1.0
0.0,92.2944,18.105600000000003,105.79632000000001,1.5410000000000001,20.263,1.196,-4.0917,1.0
0.0,2.871,0.129,1.1517,0.0,0.0,0.0,0.0,0.0
0.0,1.3035,0.1965,1.1191499999999999,0.0,2.0,0.0,0.0,1.0
1.0296,35.0856,3.5244,36.927,0.0,0.0,0.0,0.0,1.0
0.0,2.871,0.129,1.1517,0.0,0.0,0.0,0.0,0.0
0.0,1.3035,0.1965,1.1191499999999999,0.0,2.0,0.0,0.0,1.0
1.0296,35.0856,3.5244,36.927,0.0,0.0,0.0,0.0,1.0
0.0,2.871,0.129,1.1517,0.0,0.0,0.0,0.0,1.0
0.0,1.3035,0.1965,1.1191499999999999,0.0,2.0,0.0,0.0,1.0
1.0296,35.0856,3.5244,36.927,0.0,0.0,0.0,0.0,0.0
0.0,1.3035,0.1965,1.1191499999999999,0.0,2.0,0.0,0.0,1.0
0.0,1.3035,0.1965,1.1191499999999999,0.0,2.0,0.0,0.0,1.0
0.4158,4.6494,1.2348000000000001,6.20046,0.0,0.0,0.0,0.0,0.0
0.0,1.3035,0.1965,1.1191499999999999,0.0,2.0,0.0,0.0,1.0
0.4158,4.6494,1.2348000000000001,6.20046,0.0,0.0,0.0,0.0,0.0
0.4158,4.6494,1.2348000000000001,6.20046,0.0,0.0,0.0,0.0,0.0
0.4158,4.6494,1.2348000000000001,6.20046,0.0,0.0,0.0,0.0,0.0
0.4158,4.6494,1.2348000000000001,6.20046,0.0,0.0,0.0,0.0,0.0
0.4158,4.6494,1.2348000000000001,6.20046,0.0,0.0,0.0,0.0,0.0
0.4158,4.6494,1.2348000000000001,6.20046,0.0,0.0,0.0,0.0,0.0
0.168,4.08,1.7519999999999998,5.8764,0.0,0.0,0.0,0.0,1.0
1.4687999999999999,4.6512,0.68,-4.73688,0.0,0.0,0.0,0.0,1.0
0.168,4.08,1.7519999999999998,5.8764,0.0,0.0,0.0,0.0,1.0
1.4687999999999999,4.6512,0.68,-4.73688,0.0,0.0,0.0,0.0,1.0
0.168,4.08,1.7519999999999998,5.8764,0.0,0.0,0.0,0.0,1.0
1.4687999999999999,4.6512,0.68,-4.73688,0.0,0.0,0.0,0.0,1.0
0.168,4.08,1.7519999999999998,5.8764,0.0,0.0,0.0,0.0,1.0
1.4687999999999999,4.6512,0.68,-4.73688,0.0,0.0,0.0,0.0,0.0
0.168,4.08,1.7519999999999998,5.8764,0.0,0.0,0.0,0.0,1.0
1.4687999999999999,4.6512,0.68,-4.73688,0.0,0.0,0.0,0.0,1.0
0.168,4.08,1.7519999999999998,5.8764,0.0,0.0,0.0,0.0,1.0
1.4687999999999999,4.6512,0.68,-4.73688,0.0,0.0,0.0,0.0,1.0
0.168,4.08,1.7519999999999998,5.8764,0.0,0.0,0.0,0.0,1.0
1.4687999999999999,4.6512,0.68,-4.73688,0.0,0.0,0.0,0.0,0.0
0.142,1.736,0.122,-0.4288,0.208,1.616,0.176,-0.2054,1.0
0.085,4.76,0.16,2.348,0.0,0.0,0.0,0.0,1.0
0.142,1.736,0.122,-0.4288,0.208,1.616,0.176,-0.2054,1.0
0.085,4.76,0.16,2.348,0.0,0.0,0.0,0.0,1.0
