0,1,2,3,4,5,6
0.809519365429878,8.374052047729492,0.8164281398057931,0.0,0.0,0.0,0.0
0.809519365429878,8.374052047729492,0.8164281398057931,0.0,0.0,0.0,0.0
0.809519365429878,8.374052047729492,0.8164281398057931,0.0,0.0,0.0,0.0
0.809519365429878,8.374052047729492,0.8164281398057931,0.0,0.0,0.0,1.0
0.809519365429878,8.374052047729492,0.8164281398057931,0.0,0.0,0.0,1.0
0.809519365429878,8.374052047729492,0.8164281398057931,0.0,0.0,0.0,0.0
0.809519365429878,8.374052047729492,0.8164281398057931,0.0,0.0,0.0,0.0
0.08398280628025531,2.437795822620392,0.23822147905826563,0.0,0.0,0.0,1.0
0.08398280628025531,2.437795822620392,0.23822147905826563,0.0,0.0,0.0,1.0
0.08398280628025531,2.437795822620392,0.23822147905826563,0.0,0.0,0.0,1.0
0.08398280628025531,2.437795822620392,0.23822147905826563,0.0,0.0,0.0,1.0
0.08398280628025531,2.437795822620392,0.23822147905826563,0.0,0.0,0.0,1.0
0.08398280628025531,2.437795822620392,0.23822147905826563,0.0,0.0,0.0,1.0
0.08398280628025531,2.437795822620392,0.23822147905826563,0.0,0.0,0.0,1.0
0.183253046125173,8.944299221038818,0.8724471181631079,0.0,0.0,0.0,1.0
0.183253046125173,8.944299221038818,0.8724471181631079,0.0,0.0,0.0,1.0
0.183253046125173,8.944299221038818,0.8724471181631079,0.0,0.0,0.0,1.0
0.183253046125173,8.944299221038818,0.8724471181631079,0.0,0.0,0.0,1.0
0.183253046125173,8.944299221038818,0.8724471181631079,0.0,0.0,0.0,1.0
0.183253046125173,8.944299221038818,0.8724471181631079,0.0,0.0,0.0,1.0
0.183253046125173,8.944299221038818,0.8724471181631079,0.0,0.0,0.0,1.0
0.05620532155036915,1.775306739807129,0.08848796367645254,0.0,0.0,0.0,1.0
0.05620532155036915,1.775306739807129,0.08848796367645254,0.0,0.0,0.0,1.0
0.05620532155036915,1.775306739807129,0.08848796367645254,0.0,0.0,0.0,1.0
0.05620532155036915,1.775306739807129,0.08848796367645254,0.0,0.0,0.0,1.0
0.05620532155036915,1.775306739807129,0.08848796367645254,0.0,0.0,0.0,1.0
0.05620532155036915,1.775306739807129,0.08848796367645254,0.0,0.0,0.0,1.0
0.05620532155036915,1.775306739807129,0.08848796367645254,0.0,0.0,0.0,1.0
0.22425064295530323,8.679947590827942,0.2958013549447055,0.0,0.0,0.0,1.0
0.22425064295530323,8.679947590827942,0.2958013549447055,0.0,0.0,0.0,1.0
0.22425064295530323,8.679947590827942,0.2958013549447055,0.0,0.0,0.0,1.0
0.22425064295530323,8.679947590827942,0.2958013549447055,0.0,0.0,0.0,1.0
0.22425064295530323,8.679947590827942,0.2958013549447055,0.0,0.0,0.0,1.0
0.22425064295530323,8.679947590827942,0.2958013549447055,0.0,0.0,0.0,1.0
0.22425064295530323,8.679947590827942,0.2958013549447055,0.0,0.0,0.0,1.0
0.17814765930175772,1.0757523989677429,0.08609996169805521,0.0,0.0,0.0,0.0
0.17814765930175772,1.0757523989677429,0.08609996169805521,0.0,0.0,0.0,0.0
0.17814765930175772,1.0757523989677429,0.08609996169805521,0.0,0.0,0.0,0.0
0.17814765930175772,1.0757523989677429,0.08609996169805521,0.0,0.0,0.0,0.0
0.17814765930175772,1.0757523989677429,0.08609996169805521,0.0,0.0,0.0,0.0
0.17814765930175772,1.0757523989677429,0.08609996169805521,0.0,0.0,0.0,0.0
0.17814765930175772,1.0757523989677429,0.08609996169805521,0.0,0.0,0.0,0.0
0.0589736811816692,1.8080527782440183,0.1329735219478606,0.0,0.0,0.0,1.0
0.0589736811816692,1.8080527782440183,0.1329735219478606,0.0,0.0,0.0,1.0
0.0589736811816692,1.8080527782440183,0.1329735219478606,0.0,0.0,0.0,1.0
0.0589736811816692,1.8080527782440183,0.1329735219478606,0.0,0.0,0.0,1.0
0.0589736811816692,1.8080527782440183,0.1329735219478606,0.0,0.0,0.0,1.0
0.0589736811816692,1.8080527782440183,0.1329735219478606,0.0,0.0,0.0,1.0
0.0589736811816692,1.8080527782440183,0.1329735219478606,0.0,0.0,0.0,1.0
0.14033450335264178,7.8801015436649315,0.6795642770826812,0.0,0.0,0.0,1.0
0.14033450335264178,7.8801015436649315,0.6795642770826812,0.0,0.0,0.0,1.0
0.14033450335264178,7.8801015436649315,0.6795642770826812,0.0,0.0,0.0,1.0
0.14033450335264178,7.8801015436649315,0.6795642770826812,0.0,0.0,0.0,1.0
0.098263382911682,1.8348448276519775,0.0668917670845984,0.0,0.0,0.0,1.0
0.14033450335264178,7.8801015436649315,0.6795642770826812,0.0,0.0,0.0,1.0
0.098263382911682,1.8348448276519775,0.0668917670845984,0.0,0.0,0.0,1.0
0.14033450335264178,7.8801015436649315,0.6795642770826812,0.0,0.0,0.0,0.0
0.098263382911682,1.8348448276519775,0.0668917670845984,0.0,0.0,0.0,1.0
0.14033450335264178,7.8801015436649315,0.6795642770826812,0.0,0.0,0.0,0.0
0.098263382911682,1.8348448276519775,0.0668917670845984,0.0,0.0,0.0,1.0
0.098263382911682,1.8348448276519775,0.0668917670845984,0.0,0.0,0.0,1.0
0.098263382911682,1.8348448276519775,0.0668917670845984,0.0,0.0,0.0,1.0
0.098263382911682,1.8348448276519775,0.0668917670845984,0.0,0.0,0.0,1.0
0.0632960926741359,2.8257036209106445,0.11100030317902561,0.0,0.0,0.0,1.0
0.0632960926741359,2.8257036209106445,0.11100030317902561,0.0,0.0,0.0,1.0
0.0632960926741359,2.8257036209106445,0.11100030317902561,0.0,0.0,0.0,1.0
0.6751076754927635,1.3880573093891142,0.06683510240167366,0.0,0.0,0.0,0.0
0.0632960926741359,2.8257036209106445,0.11100030317902561,0.0,0.0,0.0,0.0
0.6751076754927635,1.3880573093891142,0.06683510240167366,0.0,0.0,0.0,0.0
0.0632960926741359,2.8257036209106445,0.11100030317902561,0.0,0.0,0.0,1.0
0.6751076754927635,1.3880573093891142,0.06683510240167366,0.0,0.0,0.0,1.0
1.252607873529193,60.14466186046601,8.442731696963307,0.0,0.0,0.0,1.0
0.0632960926741359,2.8257036209106445,0.11100030317902561,0.0,0.0,0.0,1.0
0.6751076754927635,1.3880573093891142,0.06683510240167366,0.0,0.0,0.0,1.0
1.252607873529193,60.14466186046601,8.442731696963307,0.0,0.0,0.0,1.0
0.0632960926741359,2.8257036209106445,0.11100030317902561,0.0,0.0,0.0,0.0
0.6751076754927635,1.3880573093891142,0.06683510240167366,0.0,0.0,0.0,0.0
1.252607873529193,60.14466186046601,8.442731696963307,0.0,0.0,0.0,0.0
0.6751076754927635,1.3880573093891142,0.06683510240167366,0.0,0.0,0.0,0.0
1.252607873529193,60.14466186046601,8.442731696963307,0.0,0.0,0.0,0.0
0.6751076754927635,1.3880573093891142,0.06683510240167366,0.0,0.0,0.0,0.0
1.252607873529193,60.14466186046601,8.442731696963307,0.0,0.0,0.0,1.0
1.252607873529193,60.14466186046601,8.442731696963307,0.0,0.0,0.0,1.0
1.252607873529193,60.14466186046601,8.442731696963307,0.0,0.0,0.0,1.0
0.8592725512385354,28.2624640083313,2.8382639166712744,0.0,0.0,0.0,1.0
0.8592725512385354,28.2624640083313,2.8382639166712744,0.0,0.0,0.0,1.0
0.8592725512385354,28.2624640083313,2.8382639166712744,0.0,0.0,0.0,1.0
0.8592725512385354,28.2624640083313,2.8382639166712744,0.0,0.0,0.0,1.0
0.8592725512385354,28.2624640083313,2.8382639166712744,0.0,0.0,0.0,1.0
0.8592725512385354,28.2624640083313,2.8382639166712744,0.0,0.0,0.0,1.0
1.592754691839217,13.158718013763428,0.4485282570123665,0.0,0.0,0.0,1.0
0.8592725512385354,28.2624640083313,2.8382639166712744,0.0,0.0,0.0,1.0
1.8886212874203896,28.305205845832823,2.0061739876866325,0.0,0.0,0.0,1.0
1.8886212874203896,28.305205845832823,2.0061739876866325,0.0,0.0,0.0,1.0
1.8886212874203896,28.305205845832823,2.0061739876866325,0.0,0.0,0.0,1.0
1.8886212874203896,28.305205845832823,2.0061739876866325,0.0,0.0,0.0,1.0
1.8886212874203896,28.305205845832823,2.0061739876866325,0.0,0.0,0.0,1.0
1.8886212874203896,28.305205845832823,2.0061739876866325,0.0,0.0,0.0,1.0
0.2958665955811726,15.146487832069397,1.557645730674266,0.0,0.0,0.0,1.0
3.8657672663033007,137.22926519393923,5.424973543882365,0.0,0.0,0.0,0.0
3.8657672663033007,137.22926519393923,5.424973543882365,0.0,0.0,0.0,0.0
3.8657672663033007,137.22926519393923,5.424973543882365,0.0,0.0,0.0,0.0
3.8657672663033007,137.22926519393923,5.424973543882365,0.0,0.0,0.0,0.0
3.8657672663033007,137.22926519393923,5.424973543882365,0.0,0.0,0.0,0.0
3.8657672663033007,137.22926519393923,5.424973543882365,0.0,0.0,0.0,0.0
3.8657672663033007,137.22926519393923,5.424973543882365,0.0,0.0,0.0,0.0
0.10599069345742419,6.6801679694652565,0.5938415707647801,0.0,0.0,0.0,1.0
0.085433954373002,4.104509651660919,0.8100562542676926,0.0,0.0,0.0,1.0
0.10599069345742419,6.6801679694652565,0.5938415707647801,0.0,0.0,0.0,1.0
0.085433954373002,4.104509651660919,0.8100562542676926,0.0,0.0,0.0,1.0
0.10599069345742419,6.6801679694652565,0.5938415707647801,0.0,0.0,0.0,1.0
0.085433954373002,4.104509651660919,0.8100562542676926,0.0,0.0,0.0,1.0
0.10599069345742419,6.6801679694652565,0.5938415707647801,0.0,0.0,0.0,1.0
0.085433954373002,4.104509651660919,0.8100562542676926,0.0,0.0,0.0,1.0
0.10599069345742419,6.6801679694652565,0.5938415707647801,0.0,0.0,0.0,1.0
0.085433954373002,4.104509651660919,0.8100562542676926,0.0,0.0,0.0,1.0
0.10599069345742419,6.6801679694652565,0.5938415707647801,0.0,0.0,0.0,1.0
0.085433954373002,4.104509651660919,0.8100562542676926,0.0,0.0,0.0,0.0
0.10599069345742419,6.6801679694652565,0.5938415707647801,0.0,0.0,0.0,1.0
0.085433954373002,4.104509651660919,0.8100562542676926,0.0,0.0,0.0,0.0
0.6759240683074993,51.4600066959858,12.474066527932878,0.0,0.0,0.0,0.0
0.6759240683074993,51.4600066959858,12.474066527932878,0.0,0.0,0.0,0.0
0.8647639822121657,59.75639758706093,13.188836031407114,0.0,0.0,0.0,0.0
0.8647639822121657,59.75639758706093,13.188836031407114,0.0,0.0,0.0,1.0
0.9526874723192249,64.24565876603127,13.891651332825418,0.0,0.0,0.0,1.0
3.2864812508970473,41.681276948451995,1.3022405592724675,0.0,0.0,0.0,1.0
0.9526874723192249,64.24565876603127,13.891651332825418,0.0,0.0,0.0,1.0
3.2864812508970473,41.681276948451995,1.3022405592724675,0.0,0.0,0.0,1.0
0.9526874723192249,64.24565876603127,13.891651332825418,0.0,0.0,0.0,1.0
3.2864812508970473,41.681276948451995,1.3022405592724675,0.0,0.0,0.0,1.0
0.27676340401172556,12.785652070045472,1.4175848048925397,0.0,0.0,0.0,1.0
3.2864812508970473,41.681276948451995,1.3022405592724675,0.0,0.0,0.0,1.0
0.27676340401172556,12.785652070045472,1.4175848048925397,0.0,0.0,0.0,1.0
3.2864812508970473,41.681276948451995,1.3022405592724675,0.0,0.0,0.0,1.0
0.0879234901070592,4.489261178970337,0.7028153014183045,0.0,0.0,0.0,1.0
3.2864812508970473,41.681276948451995,1.3022405592724675,0.0,0.0,0.0,1.0
0.0879234901070592,4.489261178970337,0.7028153014183045,0.0,0.0,0.0,1.0
9.039006342068312,44.52726781487465,1.7037250375375144,0.0,0.0,0.0,1.0
5.752525091171265,2.845990866422653,0.4014844782650469,0.0,0.0,0.0,1.0
5.752525091171265,2.845990866422653,0.4014844782650469,0.0,0.0,0.0,1.0
5.752525091171265,2.845990866422653,0.4014844782650469,0.0,0.0,0.0,1.0
5.752525091171265,2.845990866422653,0.4014844782650469,0.0,0.0,0.0,1.0
5.752525091171265,2.845990866422653,0.4014844782650469,0.0,0.0,0.0,1.0
5.752525091171265,2.845990866422653,0.4014844782650469,0.0,0.0,0.0,1.0
0.12029287312179797,5.3073230910301215,0.31238415345549536,0.0,0.0,0.0,1.0
0.12029287312179797,5.3073230910301215,0.31238415345549536,0.0,0.0,0.0,1.0
0.12029287312179797,5.3073230910301215,0.31238415345549536,0.0,0.0,0.0,1.0
0.12029287312179797,5.3073230910301215,0.31238415345549536,0.0,0.0,0.0,1.0
2.5792026087641706,60.636680868268016,4.234118533134461,0.0,0.0,0.0,1.0
0.12029287312179797,5.3073230910301215,0.31238415345549536,0.0,0.0,0.0,1.0
2.5792026087641706,60.636680868268016,4.234118533134461,0.0,0.0,0.0,1.0
0.12029287312179797,5.3073230910301215,0.31238415345549536,0.0,0.0,0.0,1.0
2.5792026087641706,60.636680868268016,4.234118533134461,0.0,0.0,0.0,1.0
0.12029287312179797,5.3073230910301215,0.31238415345549536,0.0,0.0,0.0,1.0
2.5792026087641706,60.636680868268016,4.234118533134461,0.0,0.0,0.0,1.0
2.5792026087641706,60.636680868268016,4.234118533134461,0.0,0.0,0.0,1.0
2.5792026087641706,60.636680868268016,4.234118533134461,0.0,0.0,0.0,1.0
2.5792026087641706,60.636680868268016,4.234118533134461,0.0,0.0,0.0,1.0
0.3019610613584506,16.692199134826662,0.6058384597301468,0.0,0.0,0.0,1.0
0.3019610613584506,16.692199134826662,0.6058384597301468,0.0,0.0,0.0,0.0
0.08726756796240769,6.138448190689087,0.9742845296859739,0.0,0.0,0.0,1.0
0.3019610613584506,16.692199134826662,0.6058384597301468,0.0,0.0,0.0,1.0
0.08726756796240769,6.138448190689087,0.9742845296859739,0.0,0.0,0.0,0.0
0.3019610613584506,16.692199134826662,0.6058384597301468,0.0,0.0,0.0,0.0
0.08726756796240769,6.138448190689087,0.9742845296859739,0.0,0.0,0.0,1.0
0.3019610613584506,16.692199134826662,0.6058384597301468,0.0,0.0,0.0,1.0
0.08726756796240769,6.138448190689087,0.9742845296859739,0.0,0.0,0.0,1.0
0.3019610613584506,16.692199134826662,0.6058384597301468,0.0,0.0,0.0,1.0
0.08726756796240769,6.138448190689087,0.9742845296859739,0.0,0.0,0.0,1.0
0.3019610613584506,16.692199134826662,0.6058384597301468,0.0,0.0,0.0,1.0
0.08726756796240769,6.138448190689087,0.9742845296859739,0.0,0.0,0.0,1.0
0.08726756796240769,6.138448190689087,0.9742845296859739,0.0,0.0,0.0,1.0
0.13946906045079135,10.052609260082246,0.9679219704866406,0.0,0.0,0.0,0.0
0.13946906045079135,10.052609260082246,0.9679219704866406,0.0,0.0,0.0,0.0
0.13946906045079135,10.052609260082246,0.9679219704866406,0.0,0.0,0.0,0.0
0.13946906045079135,10.052609260082246,0.9679219704866406,0.0,0.0,0.0,0.0
0.5856349711865172,26.429664326906206,2.564699987992644,0.0,0.0,0.0,1.0
0.5856349711865172,26.429664326906206,2.564699987992644,0.0,0.0,0.0,0.0
0.5856349711865172,26.429664326906206,2.564699987992644,0.0,0.0,0.0,0.0
0.44616591073572587,16.37705506682396,1.5967780175060033,0.0,0.0,0.0,0.0
0.44616591073572587,16.37705506682396,1.5967780175060033,0.0,0.0,0.0,0.0
0.44616591073572587,16.37705506682396,1.5967780175060033,0.0,0.0,0.0,0.0
0.44616591073572587,16.37705506682396,1.5967780175060033,0.0,0.0,0.0,0.0
7.26621646732089,300.32146886587134,24.63231714203953,0.0,0.0,0.0,1.0
7.26621646732089,300.32146886587134,24.63231714203953,0.0,0.0,0.0,1.0
12.536996963694659,393.9074385166167,34.55557226300238,0.0,0.0,0.0,1.0
12.536996963694659,393.9074385166167,34.55557226300238,0.0,0.0,0.0,1.0
12.536996963694659,393.9074385166167,34.55557226300238,0.0,0.0,0.0,1.0
12.536996963694659,393.9074385166167,34.55557226300238,0.0,0.0,0.0,0.0
12.536996963694659,393.9074385166167,34.55557226300238,0.0,0.0,0.0,0.0
5.270780496373768,93.5859696507454,9.923255120962851,0.0,0.0,0.0,1.0
5.270780496373768,93.5859696507454,9.923255120962851,0.0,0.0,0.0,1.0
1.3160579397529244,72.09048087835312,68.21346276462079,0.0,0.0,0.0,1.0
1.3160579397529244,72.09048087835312,68.21346276462079,0.0,0.0,0.0,1.0
1.3160579397529244,72.09048087835312,68.21346276462079,0.0,0.0,0.0,1.0
1.3160579397529244,72.09048087835312,68.21346276462079,0.0,0.0,0.0,1.0
1.3160579397529244,72.09048087835312,68.21346276462079,0.0,0.0,0.0,1.0
1.3160579397529244,72.09048087835312,68.21346276462079,0.0,0.0,0.0,1.0
1.3160579397529244,72.09048087835312,68.21346276462079,0.0,0.0,0.0,1.0
1.0368276494555129,45.00270655751229,6.210468031466008,0.0,0.0,0.0,1.0
1.0368276494555129,45.00270655751229,6.210468031466008,0.0,0.0,0.0,1.0
1.0368276494555129,45.00270655751229,6.210468031466008,0.0,0.0,0.0,1.0
3.619160070940847,76.13569225907327,5.785153087228533,0.0,0.0,0.0,0.0
1.0368276494555129,45.00270655751229,6.210468031466008,0.0,0.0,0.0,1.0
3.619160070940847,76.13569225907327,5.785153087228533,0.0,0.0,0.0,0.0
1.0368276494555129,45.00270655751229,6.210468031466008,0.0,0.0,0.0,1.0
3.619160070940847,76.13569225907327,5.785153087228533,0.0,0.0,0.0,0.0
1.0368276494555129,45.00270655751229,6.210468031466008,0.0,0.0,0.0,1.0
3.619160070940847,76.13569225907327,5.785153087228533,0.0,0.0,0.0,0.0
1.0368276494555129,45.00270655751229,6.210468031466008,0.0,0.0,0.0,1.0
3.619160070940847,76.13569225907327,5.785153087228533,0.0,0.0,0.0,1.0
3.619160070940847,76.13569225907327,5.785153087228533,0.0,0.0,0.0,1.0
3.619160070940847,76.13569225907327,5.785153087228533,0.0,0.0,0.0,1.0
0.405243631452322,15.837048590183258,0.7577079683542245,0.0,0.0,0.0,1.0
0.405243631452322,15.837048590183258,0.7577079683542245,0.0,0.0,0.0,1.0
0.0344560891389846,1.783255696296692,0.182288259267807,0.0,0.0,0.0,1.0
0.405243631452322,15.837048590183258,0.7577079683542245,0.0,0.0,0.0,1.0
0.0344560891389846,1.783255696296692,0.182288259267807,0.0,0.0,0.0,1.0
0.405243631452322,15.837048590183258,0.7577079683542245,0.0,0.0,0.0,1.0
0.0344560891389846,1.783255696296692,0.182288259267807,0.0,0.0,0.0,1.0
0.405243631452322,15.837048590183258,0.7577079683542245,0.0,0.0,0.0,1.0
0.0344560891389846,1.783255696296692,0.182288259267807,0.0,0.0,0.0,1.0
0.405243631452322,15.837048590183258,0.7577079683542245,0.0,0.0,0.0,0.0
0.0344560891389846,1.783255696296692,0.182288259267807,0.0,0.0,0.0,1.0
0.405243631452322,15.837048590183258,0.7577079683542245,0.0,0.0,0.0,1.0
0.0344560891389846,1.783255696296692,0.182288259267807,0.0,0.0,0.0,1.0
0.0344560891389846,1.783255696296692,0.182288259267807,0.0,0.0,0.0,1.0
