0,1,2,3,4,5
0.7148367762565613,0.2438606768846511,0.041302490979433,9.0,0.86,1.0
0.0145441768690943,0.9308534860610962,0.0546022690832614,28.0,0.8300000000000001,1.0
0.6376516222953796,0.3095937669277191,0.0527545921504497,4.0,1.0,1.0
0.0199669618159532,0.9171890020370485,0.0628440156579017,15.0,0.81,1.0
0.0209513902664184,0.8864746689796448,0.0925738960504531,9.0,0.91,1.0
0.0128345414996147,0.1667044460773468,0.8204609751701355,11.0,1.0,1.0
0.0778159946203231,0.0584817603230476,0.8637022376060486,10.0,0.79,1.0
0.1433417499065399,0.778853714466095,0.0778045430779457,6.0,0.8,1.0
0.0215758867561817,0.9286145567893982,0.0498095117509365,6.0,0.81,1.0
0.0214529205113649,0.8931621313095093,0.0853849649429321,5.0,0.78,1.0
0.0770484954118728,0.8701695203781128,0.0527820475399494,10.0,0.81,1.0
0.0269398167729377,0.8755531311035156,0.0975071042776107,11.0,0.93,1.0
0.0385050773620605,0.8910968899726868,0.0703979656100273,8.0,0.78,0.0
0.3263624012470245,0.5849063396453857,0.0887312516570091,15.0,0.86,1.0
0.0999985635280609,0.8714650869369507,0.028536383062601,60.0,0.95,1.0
0.0214184038341045,0.8918898105621338,0.0866917446255683,6.0,0.88,1.0
0.0147689329460263,0.8728862404823303,0.1123448461294174,13.0,0.93,1.0
0.0352645218372345,0.9343393445014954,0.0303961765021085,5.0,0.78,0.0
0.0734993517398834,0.8556889295578003,0.0708116739988327,11.0,0.92,1.0
0.9234288930892944,0.0637308284640312,0.0128403194248676,5.0,0.74,1.0
0.0547390207648277,0.89698326587677,0.048277735710144,3.0,0.72,1.0
0.0627885311841964,0.9089301228523254,0.0282813236117362,9.0,1.0,1.0
0.0673648566007614,0.8840824961662292,0.0485526211559772,7.0,1.0,1.0
0.9087783098220824,0.0652603581547737,0.0259613394737243,4.0,0.67,1.0
0.0597558319568634,0.907374382019043,0.0328698232769966,9.0,1.0,1.0
0.0199213605374097,0.9388315081596376,0.0412470772862434,11.0,0.93,1.0
0.0195934697985649,0.9255011081695556,0.0549053959548473,10.0,0.87,1.0
0.2268953174352646,0.7270827889442444,0.0460219010710716,3.0,0.67,1.0
0.0220829546451568,0.9331594705581664,0.044757567346096,12.0,0.84,1.0
0.0146168554201722,0.9054100513458252,0.0799730345606803,12.0,0.77,1.0
0.0630681291222572,0.8819891214370728,0.0549428053200244,5.0,0.7000000000000001,1.0
0.1901577264070511,0.75970858335495,0.0501336678862571,9.0,0.86,1.0
0.0290121994912624,0.92418110370636,0.0468067042529583,12.0,0.84,1.0
0.016594972461462,0.5678449869155884,0.4155600666999817,12.0,0.8200000000000001,1.0
0.046848364174366,0.9177266359329224,0.0354249998927116,10.0,0.87,1.0
0.0220761243253946,0.8672865629196167,0.1106373071670532,7.0,0.88,0.0
0.5821181535720825,0.2220871895551681,0.1957946568727493,5.0,0.62,1.0
0.9613763689994812,0.0218990799039602,0.0167245715856552,3.0,0.72,1.0
0.0158967897295951,0.9011141657829284,0.0829889774322509,4.0,0.7000000000000001,1.0
0.0496758483350276,0.9029042720794678,0.0474199503660202,15.0,0.84,0.0
0.0550693646073341,0.9180904626846312,0.0268402062356472,12.0,0.93,0.0
0.0307651925832033,0.9308034181594848,0.0384313948452472,4.0,0.84,1.0
0.656122624874115,0.3224862813949585,0.0213911496102809,7.0,0.73,1.0
0.1088006943464279,0.3512670695781708,0.5399322509765625,13.0,0.93,1.0
0.0563148483633995,0.8459261655807495,0.0977589562535286,9.0,1.0,1.0
0.053700253367424,0.8405543565750122,0.1057453677058219,11.0,0.99,1.0
0.0137018924579024,0.7459397315979004,0.240358367562294,5.0,0.77,1.0
0.0091229351237416,0.7344266772270203,0.2564503848552704,9.0,0.8200000000000001,0.0
0.0128793707117438,0.7767165899276733,0.2104040533304214,12.0,1.0,1.0
0.1148969456553459,0.85617995262146,0.0289230644702911,4.0,1.0,1.0
0.0696058720350265,0.9046379327774048,0.0257561411708593,11.0,0.84,1.0
0.0485831871628761,0.907110035419464,0.0443067513406276,9.0,0.92,1.0
0.0824342519044876,0.8616702556610107,0.0558954775333404,7.0,1.0,0.0
0.020264284685254,0.9345149397850036,0.04522081092,8.0,0.76,0.0
0.3311713933944702,0.6309702396392822,0.037858348339796,3.0,0.72,1.0
0.4927180707454681,0.407044380903244,0.1002375185489654,4.0,1.0,1.0
0.0138381477445364,0.9179252982139589,0.0682365521788597,6.0,0.88,1.0
0.7812120914459229,0.1488729119300842,0.0699150189757347,11.0,1.0,1.0
0.0308905970305204,0.9310136437416076,0.0380957312881946,7.0,0.75,0.0
0.055249448865652,0.920746684074402,0.024003867059946,7.0,0.8200000000000001,1.0
0.009137850254774,0.7654863595962524,0.2253758162260055,2.0,0.75,1.0
0.6669456958770752,0.1383932828903198,0.1946610808372497,15.0,0.94,1.0
0.0144067425280809,0.8587933778762817,0.12679985165596,8.0,1.0,1.0
0.0289766937494277,0.8692750930786133,0.1017482653260231,14.0,0.9,1.0
0.0419429056346416,0.8278869986534119,0.1301700919866562,2.0,0.67,1.0
0.0623215176165103,0.913982093334198,0.0236963666975498,32.0,0.9,1.0
0.0290842205286026,0.9416182041168212,0.0292976032942533,3.0,0.67,1.0
0.014771681278944,0.4801102876663208,0.5051180124282837,15.0,0.88,1.0
0.0475734435021877,0.4080702662467956,0.5443562865257263,2.0,0.67,1.0
0.0139302164316177,0.8148510456085205,0.1712187528610229,15.0,0.94,1.0
0.4389089941978454,0.5186304450035095,0.0424606017768383,8.0,0.91,1.0
0.1382033377885818,0.7972944974899292,0.0645021945238113,9.0,0.8,1.0
0.0425305925309658,0.9143088459968568,0.0431606359779834,9.0,0.84,0.0
0.1352577060461044,0.8058927655220032,0.0588495358824729,11.0,0.92,1.0
0.0449877604842186,0.9213952422142028,0.033616978675127,7.0,0.9,0.0
0.0076425075531005,0.7576892375946045,0.2346682846546173,5.0,0.79,1.0
0.0570651404559612,0.8672271966934204,0.0757076665759086,8.0,0.91,1.0
0.0172085799276828,0.8058606386184692,0.176930770277977,2.0,0.58,1.0
0.207075148820877,0.7446951866149902,0.0482296459376812,2.0,0.61,1.0
0.0494548678398132,0.9185267090797424,0.0320184417068958,6.0,0.7000000000000001,0.0
0.1530152559280395,0.8162443041801453,0.0307404231280088,5.0,0.79,1.0
0.0108018750324845,0.86858731508255,0.1206108182668685,24.0,0.92,1.0
0.0931428596377372,0.8466256856918335,0.0602314472198486,15.0,1.0,1.0
0.0180641245096921,0.9487237930297852,0.0332121513783931,6.0,1.0,0.0
0.0982323884963989,0.8701534271240234,0.0316141583025455,6.0,0.88,1.0
0.0504391379654407,0.8983076810836792,0.0512531921267509,50.0,0.92,0.0
0.032840009778738,0.9235122203826904,0.0436476990580558,8.0,1.0,1.0
0.0196371134370565,0.8859074711799622,0.0944553911685943,13.0,0.88,1.0
0.0186072830110788,0.924996256828308,0.0563964694738388,16.0,0.85,1.0
0.0141205256804823,0.8295149207115173,0.1563646048307418,9.0,0.91,1.0
0.2140701711177826,0.7213699221611023,0.0645599067211151,8.0,0.91,1.0
0.0176853854209184,0.8283809423446655,0.1539337038993835,11.0,0.92,0.0
0.0405160561203956,0.8904577493667603,0.0690261647105217,2.0,0.67,0.0
0.0157629922032356,0.9064589738845824,0.0777780264616012,5.0,0.78,1.0
0.0695387125015258,0.9043368697166444,0.0261243861168622,2.0,0.6000000000000001,1.0
0.0160790774971246,0.9499897360801696,0.0339311845600605,9.0,1.0,1.0
0.1663660109043121,0.8081876635551453,0.0254463739693164,11.0,0.87,1.0
0.1816429048776626,0.7732539176940918,0.045103158801794,6.0,0.81,1.0
0.9117506146430968,0.0452072098851203,0.0430421717464923,5.0,0.65,0.0
0.022679004818201,0.9389408230781556,0.038380242884159,2.0,0.63,1.0
0.939845085144043,0.0455327853560447,0.0146221090108156,9.0,0.91,1.0
0.0175927504897117,0.9408351182937622,0.0415721759200096,6.0,0.72,1.0
0.0628807544708252,0.9017940163612366,0.0353252626955509,26.0,0.88,1.0
0.0400233566761016,0.8640336394309998,0.0959430038928985,8.0,0.84,1.0
0.0755056664347648,0.8671565651893616,0.057337787002325,10.0,0.8200000000000001,1.0
0.6473209857940674,0.3208237886428833,0.0318552516400814,3.0,0.64,1.0
0.1192917972803115,0.6586080193519592,0.2221001982688903,8.0,0.75,1.0
0.8857065439224243,0.0914887934923172,0.0228046663105487,12.0,0.93,1.0
0.34366574883461,0.5198094248771667,0.1365248262882232,19.0,0.91,1.0
0.0840180814266204,0.8812380433082581,0.0347438901662826,2.0,0.67,0.0
0.0996556654572486,0.8031396865844727,0.0972045585513114,3.0,0.62,1.0
0.1900565922260284,0.7842370271682739,0.0257063433527946,3.0,0.8,0.0
0.0828320756554603,0.8843168020248413,0.0328510738909244,4.0,0.8300000000000001,1.0
0.3097435235977173,0.6478050947189331,0.0424514412879943,7.0,0.8200000000000001,1.0
0.0765425041317939,0.8848342895507812,0.0386231839656829,12.0,1.0,1.0
0.03049973025918,0.9001038670539856,0.069396361708641,10.0,0.8200000000000001,1.0
0.0189581215381622,0.7681665420532227,0.2128753662109375,8.0,0.75,0.0
0.0115543324500322,0.8746176958084106,0.1138279289007186,11.0,0.87,1.0
0.0221725478768348,0.9272385835647584,0.0505888164043426,24.0,0.96,1.0
0.042316872626543,0.9011428356170654,0.0565402433276176,6.0,0.8,1.0
0.0155141940340399,0.9140936136245728,0.070392221212387,6.0,1.0,1.0
0.3030374944210052,0.6114802956581116,0.0854822024703025,3.0,0.67,0.0
0.0330996885895729,0.9342549443244934,0.0326453149318695,8.0,1.0,1.0
0.8177228569984436,0.0579639710485935,0.1243132725358009,9.0,0.76,0.0
0.3002374470233917,0.5844857096672058,0.1152767837047576,9.0,0.67,1.0
0.6939616203308105,0.2211843580007553,0.0848539993166923,2.0,0.63,0.0
0.0132551956921815,0.9215516448020936,0.0651932209730148,20.0,1.0,1.0
0.0492500774562358,0.913274884223938,0.0374750420451164,64.0,0.95,1.0
0.0430686995387077,0.8859679698944092,0.0709632784128189,9.0,0.86,1.0
0.0148477256298065,0.9046204686164856,0.0805318057537078,8.0,1.0,1.0
0.2134280502796173,0.702333390712738,0.0842385813593864,10.0,0.92,1.0
0.2542891502380371,0.7110276222229004,0.0346832238137722,13.0,1.0,1.0
0.2846488058567047,0.3073407411575317,0.4080105125904083,13.0,0.86,1.0
0.0094036273658275,0.0618101581931114,0.9287861585617064,21.0,0.96,0.0
0.6013551354408264,0.3481497168540954,0.0504951551556587,14.0,0.89,1.0
0.0313415452837944,0.8573022484779358,0.1113562136888504,4.0,0.75,1.0
0.0257502980530262,0.9256136417388916,0.0486359931528568,5.0,0.73,1.0
0.0213057026267051,0.8760412931442261,0.1026529893279075,6.0,0.63,1.0
0.5528097152709961,0.4173639416694641,0.0298263542354106,10.0,1.0,1.0
0.0460583604872226,0.9121960997581482,0.0417455099523067,15.0,0.94,1.0
0.209955409169197,0.7127695679664612,0.0772749632596969,6.0,1.0,1.0
0.0785858035087585,0.8448399305343628,0.0765742734074592,11.0,0.87,1.0
0.0200791079550981,0.8972258567810059,0.0826949700713157,5.0,0.78,1.0
0.2924240529537201,0.6487047076225281,0.0588712207973003,7.0,0.78,0.0
0.0114252539351582,0.498753160238266,0.489821583032608,16.0,0.84,1.0
0.0971023142337799,0.8184603452682495,0.084437295794487,2.0,0.75,1.0
0.0124704390764236,0.887242317199707,0.1002872884273529,2.0,0.75,1.0
0.0517186298966407,0.9008525013923644,0.0474288463592529,3.0,0.67,1.0
0.0146946068853139,0.9161940813064576,0.0691112726926803,5.0,1.0,1.0
0.0132946446537971,0.8931495547294617,0.0935558155179023,4.0,1.0,1.0
0.7353401780128479,0.1731929928064346,0.0914668142795562,3.0,0.64,1.0
0.0781849920749664,0.8768941760063171,0.0449208542704582,3.0,0.67,1.0
0.7951062321662903,0.1783174872398376,0.0265762396156787,12.0,0.88,1.0
0.012861899100244,0.1699558347463607,0.8171822428703308,10.0,0.8200000000000001,1.0
0.5176345109939575,0.4306147694587707,0.0517507269978523,4.0,0.7000000000000001,1.0
0.0667599961161613,0.847358763217926,0.085881195962429,5.0,0.86,0.0
0.0205274615436792,0.9150498509407043,0.0644226744771003,11.0,0.92,1.0
0.0309979375451803,0.9231651425361632,0.0458369553089141,10.0,1.0,1.0
0.1214544475078582,0.8457913994789124,0.0327542275190353,7.0,0.89,1.0
0.0486748479306697,0.915550708770752,0.0357744432985782,8.0,0.79,1.0
0.0543311685323715,0.9169588088989258,0.0287099834531545,3.0,0.67,1.0
0.5407963991165161,0.4165582954883575,0.0426452569663524,4.0,0.75,0.0
0.0469124503433704,0.9080360531806946,0.0450515076518058,33.0,1.0,0.0
0.0146068278700113,0.9125843048095704,0.0728088542819023,11.0,1.0,1.0
0.1934137493371963,0.7762591242790222,0.0303271040320396,4.0,0.8300000000000001,1.0
0.0384945310652256,0.9277241826057434,0.0337812826037406,10.0,0.91,0.0
0.098562441766262,0.7620484232902527,0.1393891423940658,7.0,0.89,1.0
0.5871268510818481,0.1258686929941177,0.2870044112205505,13.0,0.88,1.0
0.0135219907388091,0.9084423780441284,0.0780356377363205,5.0,0.78,0.0
0.0718895196914672,0.8711936473846436,0.0569167807698249,12.0,0.88,0.0
0.1165770292282104,0.7664069533348083,0.117015965282917,4.0,0.75,1.0
0.0350600332021713,0.9079898595809937,0.056950032711029,11.0,0.84,1.0
0.2037706524133682,0.7618764042854309,0.0343529544770717,6.0,0.81,1.0
0.0280703455209732,0.9413837194442748,0.0305459573864936,24.0,0.94,1.0
0.0204359665513038,0.8972522020339966,0.0823118388652801,34.0,0.92,0.0
0.0243186987936496,0.9366591572761536,0.0390221402049064,3.0,0.8,1.0
0.0141723323613405,0.8800280690193176,0.1057995557785034,2.0,0.67,1.0
0.054283007979393,0.914358139038086,0.0313588306307792,25.0,0.81,1.0
0.0217121541500091,0.9230809807777404,0.0552069284021854,8.0,0.91,1.0
0.026885787025094,0.7774331569671631,0.1956810057163238,8.0,0.71,1.0
0.0473626628518104,0.912577748298645,0.0400595776736736,9.0,0.91,1.0
0.030769633129239,0.8986941576004028,0.070536196231842,11.0,1.0,1.0
0.0153315160423517,0.8989601731300354,0.0857083722949028,13.0,1.0,1.0
0.1262204349040985,0.8250574469566345,0.0487221181392669,4.0,0.7000000000000001,1.0
0.2069456279277801,0.7064651250839233,0.0865891799330711,14.0,0.86,1.0
0.0438322499394416,0.9088125824928284,0.0473551638424396,4.0,1.0,1.0
0.0489490665495395,0.9098656177520752,0.0411853566765785,5.0,0.62,1.0
0.017202777788043,0.9143748879432678,0.0684223547577858,6.0,0.7000000000000001,1.0
0.4596461653709411,0.5009289979934692,0.0394247770309448,12.0,0.88,1.0
0.0197824984788894,0.8719325661659241,0.1082848757505416,9.0,0.8200000000000001,1.0
0.3606404066085815,0.608670175075531,0.030689463019371,4.0,0.75,1.0
0.01684988476336,0.9348281025886536,0.0483219623565673,16.0,0.95,1.0
0.018150070682168,0.939384400844574,0.042465541511774,11.0,0.8300000000000001,1.0
0.0179056394845247,0.8615978360176086,0.120496466755867,3.0,0.81,0.0
0.2294957637786865,0.7162621021270752,0.0542421266436576,7.0,1.0,1.0
0.0416310094296932,0.9219751954078674,0.036393828690052,6.0,1.0,0.0
0.0450396016240119,0.9262974262237548,0.0286629926413297,5.0,0.71,1.0
0.0441383384168148,0.9146865010261536,0.0411751866340637,44.0,0.9,1.0
0.0161781292408704,0.9176642298698424,0.0661576986312866,8.0,0.8,1.0
0.0432107709348201,0.9048367738723756,0.051952451467514,11.0,0.93,0.0
0.0308368485420942,0.8983869552612305,0.0707762688398361,7.0,0.8200000000000001,1.0
0.5215123891830444,0.4350356757640838,0.0434519052505493,14.0,1.0,1.0
0.0099270492792129,0.7823420763015747,0.2077308595180511,7.0,0.8200000000000001,1.0
0.0664583370089531,0.4186389446258545,0.514902651309967,6.0,0.88,1.0
0.0414504632353782,0.9316871166229248,0.0268624294549226,88.0,0.96,0.0
0.0728816539049148,0.5862860679626465,0.3408322930335998,6.0,0.7000000000000001,1.0
0.0240214895457029,0.8128337860107422,0.1631447076797485,12.0,0.81,1.0
0.8562506437301636,0.0728404745459556,0.0709089189767837,7.0,0.8200000000000001,1.0
0.0146890636533498,0.9186809659004213,0.066629946231842,4.0,0.7000000000000001,1.0
0.0265414025634527,0.9049234986305236,0.0685351639986038,5.0,1.0,1.0
0.0445034019649028,0.9267226457595824,0.0287739820778369,5.0,0.78,1.0
0.0745413601398468,0.8635128736495972,0.0619457773864269,6.0,0.8,1.0
0.0239640101790428,0.8633583188056946,0.1126776933670044,3.0,0.81,0.0
0.0218284279108047,0.9166430234909058,0.0615285821259021,19.0,0.86,1.0
0.0151313925161957,0.6093286275863647,0.3755399882793426,10.0,0.73,1.0
0.1476898193359375,0.7315003871917725,0.1208097338676452,8.0,0.78,1.0
0.0176551342010498,0.9349486231803894,0.0473962537944316,4.0,0.74,1.0
0.355648785829544,0.6117395162582397,0.0326117165386676,6.0,0.88,0.0
0.1304747611284256,0.836790144443512,0.0327350310981273,3.0,0.72,1.0
0.4256853759288788,0.5453764796257019,0.0289381705224514,8.0,0.91,1.0
0.0150170195847749,0.5517870187759399,0.4331960082054138,3.0,1.0,1.0
0.2015410214662552,0.7551692724227905,0.0432897545397281,3.0,0.81,1.0
0.0688990429043769,0.9008591175079346,0.0302418936043977,8.0,0.84,1.0
0.0333225391805172,0.917787790298462,0.048889685422182,21.0,0.86,0.0
0.023491283878684,0.9322238564491272,0.0442848205566406,7.0,0.78,1.0
0.0325688309967517,0.92408949136734,0.0433417148888111,5.0,1.0,1.0
0.0265557542443275,0.930356502532959,0.0430877767503261,6.0,0.8,1.0
0.0267972890287637,0.8352944850921631,0.1379081904888153,5.0,0.86,1.0
0.7341995239257812,0.1768945306539535,0.0889058858156204,6.0,0.8,1.0
0.14244244992733,0.7467981576919556,0.1107594296336174,9.0,0.92,1.0
0.0147691061720252,0.9137000441551208,0.0715308338403701,5.0,0.78,0.0
0.0335089266300201,0.9303387999534608,0.03615228459239,13.0,0.88,0.0
0.0424697995185852,0.821302592754364,0.1362276375293731,3.0,0.67,0.0
0.0278159696608781,0.8712353110313416,0.1009486988186836,17.0,0.81,0.0
0.141581654548645,0.8349058628082275,0.023512527346611,8.0,1.0,0.0
0.2561415731906891,0.612104594707489,0.1317538768053054,6.0,0.8,1.0
0.1087780818343162,0.8348173499107361,0.0564045272767543,5.0,0.73,1.0
0.0248109530657529,0.9359351396560668,0.0392539165914058,5.0,0.73,1.0
0.0547946728765964,0.9272106289863586,0.017994649708271,3.0,0.8,1.0
0.1013953015208244,0.7923547029495239,0.1062499433755874,3.0,0.81,1.0
0.0219250377267599,0.9030957221984864,0.0749791786074638,2.0,0.67,1.0
0.0770006477832794,0.8657153844833374,0.0572840049862861,3.0,1.0,1.0
0.0215637665241956,0.916991412639618,0.0614447854459285,2.0,0.63,0.0
0.0369554832577705,0.9063593745231628,0.0566851831972599,3.0,0.72,1.0
0.0239803902804851,0.1799855083227157,0.7960341572761536,4.0,1.0,1.0
0.0434845611453056,0.9254010915756226,0.0311143491417169,5.0,0.86,0.0
0.0351984947919845,0.5345579385757446,0.430243581533432,8.0,0.9,1.0
0.1609436273574829,0.7051548361778259,0.1339015364646911,7.0,0.77,1.0
0.0586113631725311,0.6969517469406128,0.2444369047880172,4.0,0.75,1.0
0.026275984942913,0.8148033022880554,0.1589207202196121,14.0,0.86,0.0
0.16209077835083,0.8059752583503723,0.0319339670240879,22.0,1.0,1.0
0.0274130683392286,0.9099258184432985,0.0626610517501831,5.0,0.7000000000000001,1.0
0.6276893019676208,0.3382873237133026,0.0340233333408832,6.0,0.76,1.0
0.0454806163907051,0.916365921497345,0.0381534844636917,10.0,1.0,1.0
0.0333916582167148,0.9252055883407592,0.0414027012884616,4.0,0.75,1.0
0.0334754586219787,0.8687212467193604,0.0978032574057579,40.0,0.9,1.0
0.0273919124156236,0.868881344795227,0.1037266999483108,11.0,0.84,1.0
0.0132910180836915,0.5292397737503052,0.4574691951274872,2.0,0.63,1.0
0.2112440764904022,0.7582489848136902,0.0305069424211978,13.0,0.8200000000000001,1.0
0.0450759306550025,0.9167808294296264,0.038143265992403,17.0,0.96,1.0
0.0123815452679991,0.8045012950897217,0.1831171959638595,12.0,0.8,1.0
0.0120825767517089,0.8466098308563232,0.1413075476884842,10.0,0.86,1.0
0.0972194373607635,0.8629541397094727,0.039826463907957,72.0,0.93,1.0
0.0704654529690742,0.8871548771858215,0.0423796996474266,5.0,0.66,1.0
0.02301612123847,0.9175748825073242,0.0594090558588504,8.0,0.8300000000000001,1.0
0.0470403656363487,0.9057098031044006,0.0472498275339603,4.0,0.7000000000000001,1.0
0.4842053651809692,0.4746144711971283,0.041180245578289,2.0,0.58,1.0
0.1913451105356216,0.7742747664451599,0.034380130469799,4.0,0.67,1.0
0.0147934360429644,0.8930254578590393,0.0921810790896415,6.0,0.87,1.0
0.0178477484732866,0.8984184861183167,0.0837337374687194,15.0,0.94,0.0
0.0326616801321506,0.925589680671692,0.0417486019432544,9.0,0.81,1.0
0.4346159100532532,0.5273736119270325,0.0380104556679725,6.0,0.81,0.0
0.4975039362907409,0.4777493178844452,0.0247467327862977,4.0,0.75,1.0
0.0367483496665954,0.9157166481018066,0.0475350655615329,2.0,0.58,1.0
0.0196271017193794,0.9391383528709412,0.0412345342338085,3.0,0.62,0.0
0.0300922896713018,0.9317033886909484,0.0382043607532978,2.0,0.62,1.0
0.0122895911335945,0.8956827521324158,0.0920276492834091,2.0,0.58,1.0
0.012809625826776,0.9149228930473328,0.0722674503922462,5.0,0.86,1.0
0.0138657726347446,0.8758930563926697,0.1102412343025207,3.0,0.72,1.0
0.0824567601084709,0.8757047653198242,0.0418384708464145,4.0,0.7000000000000001,1.0
0.0196702294051647,0.9303440451622008,0.0499856807291507,6.0,1.0,1.0
0.0651454851031303,0.913525640964508,0.0213288981467485,5.0,1.0,1.0
0.8201538324356079,0.0747338235378265,0.1051123961806297,10.0,0.92,0.0
0.0168387703597545,0.3629526793956756,0.6202085614204407,3.0,0.66,1.0
0.1764468401670456,0.756856381893158,0.066696785390377,3.0,0.67,1.0
0.023752998560667,0.8912618160247803,0.0849851816892623,3.0,0.72,1.0
0.0267526507377624,0.9348534345626832,0.038393922150135,2.0,0.6000000000000001,1.0
0.0328369922935962,0.929270327091217,0.037892609834671,4.0,0.67,0.0
0.026369459927082,0.9325668811798096,0.0410636737942695,17.0,0.92,1.0
0.0243853311985731,0.8739229440689087,0.1016917526721954,7.0,0.59,1.0
0.028745325282216,0.9360811710357666,0.035173512995243,2.0,0.67,1.0
0.0845954939723014,0.8921190500259399,0.0232854951173067,13.0,0.8,1.0
0.2877607941627502,0.6794182062149048,0.0328210070729255,5.0,0.73,1.0
0.2729078233242035,0.6931701302528381,0.0339219607412815,6.0,0.8,0.0
0.0605545379221439,0.9047727584838868,0.0346726439893245,4.0,0.75,1.0
0.009426949545741,0.7001800537109375,0.2903930246829986,4.0,0.63,1.0
0.4695231318473816,0.5023979544639587,0.0280789136886596,4.0,0.8300000000000001,0.0
0.0166489649564027,0.929172158241272,0.0541788525879383,10.0,0.92,0.0
0.0294510535895824,0.9458281993865968,0.0247207656502723,4.0,0.75,1.0
0.0777909979224205,0.8755608201026917,0.0466481894254684,114.0,0.98,0.0
0.0211285445839166,0.941044270992279,0.0378271266818046,3.0,0.72,1.0
0.0237441174685955,0.919722616672516,0.0565332472324371,2.0,0.58,1.0
0.0248780027031898,0.8878286480903625,0.0872933268547058,93.0,0.93,1.0
0.0078733740374445,0.0811939314007759,0.910932719707489,6.0,0.71,1.0
0.0097341760993003,0.0560317896306514,0.9342340230941772,9.0,0.91,0.0
0.3227505981922149,0.6426208019256592,0.0346286259591579,2.0,0.6000000000000001,1.0
0.0980339273810386,0.8700500130653381,0.0319161191582679,4.0,0.8300000000000001,1.0
0.0258994214236736,0.9041346907615662,0.0699658766388893,4.0,0.75,0.0
0.0278341323137283,0.9273727536201476,0.0447930321097373,4.0,0.75,1.0
0.0170759800821542,0.928730010986328,0.0541940443217754,3.0,0.72,1.0
0.1381341218948364,0.8018856644630432,0.0599801577627658,21.0,0.8200000000000001,1.0
0.0307745430618524,0.9203712940216064,0.048854149878025,3.0,0.64,1.0
0.0228644721210002,0.924345850944519,0.0527896583080291,4.0,0.7000000000000001,0.0
0.0252482593059539,0.8919481039047241,0.0828036367893219,3.0,0.8,1.0
0.061700876802206,0.8441371917724609,0.0941619053483009,2.0,0.67,0.0
0.0165823306888341,0.931214153766632,0.0522034727036953,5.0,1.0,1.0
0.0665553286671638,0.6689133644104004,0.2645312845706939,28.0,0.97,1.0
0.014584339223802,0.908916711807251,0.0764989629387855,3.0,0.8,1.0
0.0227116253226995,0.9095436930656432,0.0677446350455284,19.0,0.89,1.0
0.6029226779937744,0.3413601815700531,0.0557171627879142,2.0,0.67,1.0
0.2826789617538452,0.66563481092453,0.0516863018274307,8.0,0.84,1.0
0.0298399049788713,0.9366875886917114,0.0334724634885787,7.0,0.66,1.0
0.1518120616674423,0.7555479407310486,0.0926399752497673,12.0,0.88,1.0
0.093275099992752,0.8796269297599792,0.0270980075001716,2.0,0.67,1.0
0.0210001058876514,0.9337353110313416,0.0452645979821682,62.0,0.96,1.0
0.6332970857620239,0.3244247436523437,0.0422781854867935,11.0,0.92,1.0
0.0610616616904735,0.8830185532569885,0.0559197962284088,9.0,0.77,1.0
0.0306890998035669,0.9424904584884644,0.0268203895539045,5.0,0.7000000000000001,0.0
0.0218382626771926,0.9255321621894836,0.0526296086609363,14.0,0.87,1.0
0.0352360382676124,0.929530680179596,0.0352332927286624,2.0,0.67,1.0
0.1867098212242126,0.7671129703521729,0.0461772195994854,24.0,0.96,1.0
0.059585828334093,0.9088366627693176,0.0315775237977504,34.0,0.93,1.0
0.0502292439341545,0.9002196788787842,0.0495510883629322,4.0,0.75,1.0
0.0598293468356132,0.794657826423645,0.1455128490924835,10.0,0.8200000000000001,1.0
0.0794907286763191,0.8503085970878601,0.0702007189393043,10.0,0.64,1.0
0.2432538866996765,0.7189199924468994,0.0378261171281337,2.0,0.67,1.0
0.0270287934690713,0.9242295622825624,0.0487416684627532,2.0,0.75,1.0
0.0306307766586542,0.9262681007385254,0.04310118034482,3.0,0.8,1.0
0.0633729919791221,0.7683553099632263,0.1682716757059097,6.0,0.8,1.0
0.0824886932969093,0.8783637881278992,0.0391475483775138,8.0,0.84,1.0
0.0197060815989971,0.9209413528442384,0.0593525134027004,4.0,0.8300000000000001,1.0
0.0190484207123518,0.9295148253440856,0.0514367409050464,3.0,0.64,0.0
0.0789924412965774,0.8815011382102966,0.0395063832402229,5.0,0.73,1.0
0.0409300923347473,0.923976480960846,0.0350934341549873,4.0,0.8300000000000001,1.0
0.1434725672006607,0.8178272843360901,0.0387001410126686,100.0,0.99,1.0
0.0516530983150005,0.8868169188499451,0.0615299418568611,5.0,1.0,0.0
0.0397061072289943,0.9147794246673584,0.045514453202486,27.0,0.88,0.0
0.0567379035055637,0.8814538717269897,0.0618081614375114,3.0,0.81,1.0
0.0105513222515583,0.8063390254974365,0.1831095814704895,2.0,0.75,1.0
0.0352590568363666,0.8831496834754944,0.0815913081169128,5.0,0.86,1.0
0.8051924109458923,0.1070473119616508,0.087760291993618,14.0,0.9,0.0
0.0477291606366634,0.8782492280006409,0.0740216597914695,24.0,0.77,0.0
0.298707902431488,0.5554203987121582,0.1458716392517089,4.0,0.8300000000000001,1.0
0.046247374266386,0.9209301471710204,0.0328224524855613,2.0,0.67,1.0
0.0437313802540302,0.9153714776039124,0.0408971756696701,4.0,0.8300000000000001,1.0
0.8649837374687195,0.1072751730680465,0.0277411043643951,3.0,0.72,1.0
0.0248470250517129,0.9363077878952026,0.0388451851904392,23.0,0.9,1.0
0.0201426949352026,0.9435970783233644,0.0362602919340133,2.0,0.58,1.0
0.0413237810134887,0.9093350172042848,0.0493411943316459,6.0,0.8,1.0
0.0143962539732456,0.9348361492156982,0.0507676117122173,23.0,0.9,1.0
0.0367413200438022,0.9298614859580994,0.0333971753716468,5.0,0.86,1.0
0.0266813058406114,0.9461753368377686,0.0271433647722005,43.0,0.88,1.0
0.0225075725466012,0.471141904592514,0.5063505172729492,8.0,0.9,1.0
0.041992824524641,0.924266755580902,0.0337404757738113,15.0,0.85,1.0
0.2040052711963653,0.6994642019271851,0.0965304970741272,9.0,0.85,1.0
0.0269016288220882,0.9006549119949341,0.0724434331059455,16.0,0.84,1.0
0.0132566438987851,0.9098668098449708,0.0768765583634376,6.0,0.88,1.0
0.5118985772132874,0.4183039665222168,0.0697974488139152,7.0,0.89,1.0
0.1254194229841232,0.8043096661567688,0.0702708810567855,5.0,0.63,1.0
0.0206184200942516,0.926925778388977,0.0524557568132877,3.0,0.67,1.0
0.0102654844522476,0.878978431224823,0.1107561141252517,7.0,0.8200000000000001,1.0
0.0313049890100955,0.8916422724723816,0.0770527273416519,7.0,0.78,1.0
0.9538163542747498,0.0321794860064983,0.0140041289851069,16.0,0.9,1.0
0.2344913035631179,0.7144123315811157,0.0510964207351207,10.0,0.8200000000000001,1.0
0.2698363065719604,0.6813133358955383,0.0488503575325012,5.0,1.0,0.0
0.4414302706718445,0.5263983607292175,0.0321713648736476,2.0,0.76,1.0
0.1436580717563629,0.7961536645889282,0.0601882264018058,89.0,0.96,1.0
0.0192219093441963,0.9184141159057616,0.0623639486730098,12.0,0.88,1.0
0.0209821444004774,0.9052080512046814,0.0738098695874214,6.0,0.67,1.0
0.0716419667005539,0.8952452540397644,0.033112782984972,20.0,0.95,1.0
0.4199353456497192,0.5587395429611206,0.02132517285645,2.0,0.67,1.0
0.0096828779205679,0.5129873752593994,0.477329671382904,12.0,0.79,1.0
0.0260184202343225,0.8687500357627869,0.1052314788103103,8.0,0.79,1.0
0.0223245490342378,0.8881663680076599,0.0895090475678443,2.0,0.75,1.0
0.0438064374029636,0.7360515594482422,0.2201419919729232,6.0,0.72,1.0
0.0691179260611534,0.8211444616317749,0.1097376644611358,24.0,0.96,1.0
0.0464200712740421,0.9140674471855164,0.0395124889910221,6.0,1.0,1.0
0.2361920475959777,0.7030298709869385,0.0607780925929546,14.0,0.79,1.0
0.0392162315547466,0.5968954563140869,0.3638883233070373,3.0,0.64,1.0
0.0303341541439294,0.2395762503147125,0.730089545249939,6.0,0.6900000000000001,1.0
0.0616611242294311,0.9015580415725708,0.0367808304727077,2.0,0.75,1.0
0.0216670110821723,0.9382089376449584,0.0401239804923534,29.0,0.93,1.0
0.0291727390140295,0.9146718382835388,0.0561554282903671,5.0,0.6900000000000001,1.0
0.8678292632102966,0.116651713848114,0.0155190424993634,4.0,0.67,1.0
0.0525386147201061,0.8992473483085632,0.0482140630483627,24.0,0.91,0.0
0.0155278798192739,0.9147454500198364,0.069726675748825,11.0,0.87,0.0
0.0411509089171886,0.9159771203994752,0.0428719632327556,8.0,0.8,1.0
0.6770328879356384,0.2831040620803833,0.0398630052804946,5.0,0.86,0.0
0.0550122261047363,0.9065667390823364,0.0384210683405399,7.0,0.8200000000000001,1.0
0.4027658104896545,0.0344462729990482,0.5627879500389099,5.0,1.0,0.0
0.063209518790245,0.9005697965621948,0.0362206622958183,2.0,0.67,1.0
0.3683505654335022,0.607331395149231,0.0243181157857179,6.0,0.6900000000000001,1.0
0.0668549463152885,0.8965974450111389,0.0365475937724113,7.0,0.88,0.0
0.0458445250988006,0.838894248008728,0.1152611672878265,39.0,0.92,1.0
0.8265520334243774,0.1594616472721099,0.0139863342046737,2.0,0.63,1.0
0.0387138426303863,0.8867653012275696,0.0745208412408828,2.0,1.0,1.0
0.0330113880336284,0.9246379137039183,0.042350735515356,6.0,0.87,1.0
0.1005134806036949,0.8128578066825867,0.0866286680102348,4.0,0.67,1.0
0.9588893055915833,0.0261264387518167,0.014984281733632,2.0,0.67,1.0
0.0224752817302942,0.9292697310447692,0.0482549555599689,9.0,0.77,1.0
0.1340682804584503,0.8383832573890686,0.0275484584271907,6.0,0.88,1.0
0.0150222806259989,0.866548478603363,0.1184292361140251,4.0,0.75,1.0
0.1062369048595428,0.8318747878074646,0.0618883185088634,2.0,0.6000000000000001,1.0
0.0288121253252029,0.8387913703918457,0.1323965638875961,11.0,0.87,1.0
0.015064287930727,0.9084643125534058,0.0764713808894157,6.0,0.87,1.0
0.0800990760326385,0.8667590618133545,0.0531417913734912,7.0,0.71,1.0
0.0357785373926162,0.9345266819000244,0.0296947192400693,12.0,0.92,0.0
0.0308686755597591,0.9327601790428162,0.0363711304962635,4.0,0.75,1.0
0.0217950139194726,0.9359970688819884,0.0422079488635063,42.0,0.99,1.0
0.9650789499282836,0.0250043738633394,0.0099167013540863,6.0,0.87,0.0
0.0767557322978973,0.8668202757835388,0.0564239807426929,109.0,0.96,1.0
0.5362967848777771,0.4450502693653106,0.0186530090868473,4.0,0.67,1.0
0.0190741047263145,0.940513789653778,0.0404121279716491,7.0,0.77,1.0
0.3226085901260376,0.6436610221862793,0.0337304025888443,21.0,0.88,1.0
0.7748039364814758,0.18733711540699,0.0378589443862438,29.0,0.91,1.0
0.2554212808609009,0.7033228278160095,0.0412558689713478,29.0,0.89,1.0
0.0934621393680572,0.8677912354469299,0.0387466363608837,3.0,0.81,1.0
0.0381390303373336,0.9186030030250548,0.0432580299675464,2.0,0.67,1.0
0.9081293940544128,0.0775651857256889,0.0143054146319627,2.0,0.67,0.0
0.0516839288175106,0.7727349400520325,0.175581082701683,11.0,0.8200000000000001,0.0
0.0816950052976608,0.7871443033218384,0.1311606764793396,2.0,1.0,1.0
0.5815575122833252,0.2672129571437835,0.1512295603752136,5.0,0.78,0.0
0.0997737273573875,0.8408898711204529,0.0593364052474498,5.0,0.86,0.0
0.0278105195611715,0.9222169518470764,0.0499725416302681,3.0,0.81,0.0
0.0332430079579353,0.9364625811576844,0.0302943717688322,5.0,0.78,1.0
0.01679003611207,0.934675633907318,0.0485343858599662,2.0,0.63,0.0
0.0341265872120857,0.8588133454322815,0.1070600301027298,5.0,0.73,0.0
0.0327099151909351,0.924882173538208,0.0424079820513725,17.0,0.86,0.0
0.2598682343959808,0.6958916783332825,0.0442400835454463,3.0,0.8,1.0
0.0338014215230941,0.927919626235962,0.0382789671421051,9.0,0.72,1.0
0.0137109067291021,0.9122386574745178,0.0740504786372184,2.0,0.63,1.0
0.0356341302394866,0.8634087443351746,0.1009571701288223,4.0,0.75,1.0
0.0732624977827072,0.8907371759414673,0.0360003560781478,3.0,0.81,1.0
0.0428228229284286,0.2991606593132019,0.658016562461853,2.0,0.76,1.0
0.0874225944280624,0.8629230856895447,0.0496543943881988,8.0,0.9,1.0
0.0389130115509033,0.9212732911109924,0.0398137234151363,7.0,0.9,1.0
0.6684572696685791,0.3028435111045837,0.0286992266774177,10.0,0.86,1.0
0.0292688719928264,0.8900214433670044,0.0807097032666206,3.0,1.0,1.0
0.1995949000120163,0.7287372350692749,0.0716678202152252,4.0,0.67,1.0
0.0119745871052145,0.8115937113761902,0.1764317750930786,3.0,0.67,0.0
0.0288518238812685,0.938248872756958,0.0328993201255798,11.0,0.86,1.0
0.0689613372087478,0.8568596243858337,0.0741789564490318,68.0,0.96,1.0
0.0317372120916843,0.921884298324585,0.0463784225285053,12.0,0.87,1.0
0.6307784914970398,0.3139451742172241,0.0552762411534786,2.0,0.67,1.0
0.0188630018383264,0.9245781898498536,0.0565588772296905,2.0,0.67,1.0
0.6827172040939331,0.2905141115188598,0.0267686918377876,11.0,0.8300000000000001,1.0
0.8984426259994507,0.0747366696596145,0.0268206875771284,8.0,0.9,1.0
0.9347840547561646,0.0346722640097141,0.0305436626076698,17.0,0.8200000000000001,1.0
0.0262758526951074,0.93191397190094,0.0418101847171783,66.0,0.93,1.0
0.0745379403233528,0.8387205600738525,0.0867414996027946,15.0,0.85,1.0
0.0486739687621593,0.9209684729576112,0.0303575620055198,6.0,0.87,1.0
0.0188223123550415,0.9521897435188292,0.0289879459887743,3.0,0.72,1.0
0.0111159151419997,0.2729952931404114,0.7158887386322021,8.0,0.9,1.0
0.0262173954397439,0.9185656905174256,0.0552169494330883,18.0,0.89,0.0
0.0243200808763504,0.9254326224327089,0.0502472855150699,41.0,0.94,1.0
0.0730458796024322,0.8775545358657837,0.0493995994329452,28.0,0.9,1.0
0.0126874661073088,0.8795017004013062,0.1078108102083206,21.0,0.84,1.0
0.0304490476846694,0.9240208864212036,0.0455301031470298,2.0,0.75,1.0
0.0338261798024177,0.9228612780570984,0.0433124676346778,7.0,1.0,0.0
0.0408234968781471,0.9212821125984192,0.0378943607211113,5.0,1.0,1.0
0.0685108676552772,0.88287752866745,0.0486115366220474,8.0,0.84,1.0
0.1990135461091995,0.7493472695350647,0.0516391471028327,34.0,0.8,0.0
0.0568688809871673,0.900729477405548,0.042401660233736,13.0,0.88,1.0
0.3527292311191559,0.601138710975647,0.0461320951581001,21.0,0.9,0.0
0.0352500714361667,0.9344812035560608,0.0302687287330627,6.0,0.76,1.0
0.0368315577507019,0.9122597575187684,0.050908625125885,5.0,0.67,1.0
0.9583017230033876,0.0289789475500583,0.012719259597361,10.0,0.76,1.0
0.0203047059476375,0.8894281983375549,0.0902670919895172,10.0,0.86,1.0
0.01762131229043,0.9254920482635498,0.0568866729736328,25.0,0.84,1.0
0.014347149990499,0.8439979553222656,0.1416548490524292,7.0,0.73,1.0
0.0483450554311275,0.8977482318878174,0.0539066828787326,14.0,0.78,1.0
0.0313604995608329,0.9069257378578186,0.0617137141525745,3.0,1.0,0.0
0.0224875602871179,0.9156467318534852,0.0618656985461711,3.0,0.8,1.0
0.0401986390352249,0.9107264876365662,0.0490748211741447,8.0,0.85,0.0
0.0539839155972003,0.9102389216423036,0.0357771478593349,9.0,0.85,1.0
0.0295501127839088,0.9378226399421692,0.0326272435486316,2.0,0.67,1.0
0.0565833859145641,0.8968798518180847,0.0465367920696735,79.0,0.94,0.0
0.1000110507011413,0.8613396883010864,0.0386492200195789,2.0,1.0,1.0
0.0589617043733596,0.8818489909172058,0.059189323335886,4.0,0.71,0.0
0.0531037934124469,0.9064825177192688,0.0404136925935745,11.0,0.8300000000000001,1.0
0.0120947947725653,0.924721658229828,0.0631835237145423,2.0,0.67,0.0
0.1624588966369629,0.7964492440223694,0.0410918816924095,2.0,0.75,0.0
0.0159770101308822,0.9105437397956848,0.0734792351722717,2.0,0.75,0.0
0.0204057693481445,0.901613473892212,0.0779807567596435,7.0,0.89,1.0
0.0432694368064403,0.9300203919410706,0.026710171252489,2.0,0.67,1.0
0.3392505049705505,0.6194129586219788,0.041336540132761,9.0,1.0,1.0
0.0571288838982582,0.919631004333496,0.0232401061803102,3.0,0.71,0.0
0.8841970562934875,0.0991207510232925,0.0166823081672191,2.0,0.67,1.0
0.016922153532505,0.922966480255127,0.0601113587617874,2.0,0.75,1.0
0.0301053170114755,0.8804776072502136,0.08941700309515,8.0,0.85,1.0
0.0237801969051361,0.9180797934532166,0.0581399835646152,6.0,1.0,1.0
0.0123156076297163,0.8657546043395996,0.1219297796487808,5.0,1.0,1.0
0.3170419931411743,0.6141390204429626,0.068818986415863,25.0,0.94,0.0
0.0565592534840106,0.8338533639907837,0.1095874235033989,24.0,0.86,1.0
0.0200642179697752,0.9116999506950378,0.0682357996702194,4.0,0.76,1.0
0.0412809252738952,0.9179421663284302,0.0407769456505775,3.0,0.72,1.0
0.027178194373846,0.0915917083621025,0.8812300562858582,11.0,0.75,1.0
0.0198677778244018,0.9316081404685974,0.0485240928828716,5.0,0.73,1.0
0.0122263403609395,0.7989998459815979,0.188773825764656,9.0,0.8,0.0
0.0138784702867269,0.911716103553772,0.0744053572416305,17.0,0.76,0.0
0.1021192446351051,0.8261245489120483,0.0717562735080719,5.0,0.73,1.0
0.0261353775858879,0.8608220219612122,0.1130426377058029,7.0,0.89,1.0
0.5915395617485046,0.3757897317409515,0.0326706953346729,2.0,0.6000000000000001,1.0
0.0876086130738258,0.8734220266342163,0.0389694012701511,7.0,0.8200000000000001,1.0
0.0701458528637886,0.8980315327644348,0.0318226367235183,5.0,0.86,1.0
0.0232059154659509,0.9214655756950378,0.0553284659981727,8.0,0.9,1.0
0.0168945603072643,0.9122915267944336,0.0708139464259147,10.0,0.81,1.0
0.0356272086501121,0.8688158988952637,0.0955568775534629,6.0,0.88,1.0
0.3903789222240448,0.4797519743442535,0.1298691630363464,12.0,0.93,0.0
0.0426985844969749,0.8741515874862671,0.0831498280167579,7.0,0.89,0.0
0.0588729120790958,0.914508581161499,0.0266185011714696,2.0,0.75,1.0
0.0193831603974103,0.9379307627677916,0.0426860190927982,15.0,0.89,1.0
0.0366170592606067,0.9080752730369568,0.0553076602518558,5.0,0.73,1.0
0.0218077152967453,0.9373319149017334,0.0408604070544242,7.0,0.8200000000000001,1.0
0.0609777867794036,0.8955608010292053,0.0434614159166812,99.0,0.95,1.0
0.9060105085372924,0.07650838047266,0.0174810793250799,3.0,0.71,1.0
0.9024638533592224,0.0674403011798858,0.0300959013402462,4.0,0.8300000000000001,1.0
0.4245098531246185,0.0981375277042388,0.4773525893688202,47.0,0.9,1.0
0.0176400616765022,0.8752883672714233,0.1070715263485908,7.0,0.73,1.0
0.0379334725439548,0.9136001467704772,0.0484663844108581,14.0,0.8,1.0
0.0171451792120933,0.5376013517379761,0.4452534914016723,9.0,0.86,0.0
0.0650549009442329,0.8931340575218201,0.0418110974133014,7.0,0.89,0.0
0.0225043650716543,0.9239868521690368,0.0535087250173091,11.0,0.67,0.0
0.7412114143371582,0.2290335148572921,0.029755100607872,9.0,0.86,1.0
0.0218888279050588,0.927380383014679,0.0507308356463909,10.0,0.8200000000000001,1.0
0.740883469581604,0.0927232429385185,0.166393294930458,13.0,0.93,1.0
0.0896303802728653,0.8569417595863342,0.0534278377890586,9.0,0.79,1.0
0.0163362510502338,0.9129438996315002,0.0707198530435562,13.0,0.8,1.0
0.9355859756469728,0.0438044220209121,0.0206096246838569,12.0,0.78,1.0
0.016400221735239,0.8439804911613464,0.1396193206310272,5.0,0.62,0.0
0.0300241354852914,0.9291557669639589,0.0408201292157173,38.0,0.91,0.0
0.0221743397414684,0.910520613193512,0.0673050433397293,28.0,0.89,1.0
0.0540547631680965,0.7267557382583618,0.2191894650459289,12.0,0.87,0.0
0.0712706968188285,0.8352635502815247,0.0934657528996467,9.0,0.84,1.0
0.127137541770935,0.80162113904953,0.0712412446737289,24.0,0.85,0.0
0.933594822883606,0.0494450069963932,0.0169602409005165,32.0,0.9,1.0
0.0152548858895897,0.9370814561843872,0.047663614153862,11.0,0.77,0.0
0.234895721077919,0.7111148238182068,0.0539893619716167,25.0,0.88,1.0
0.0287728533148765,0.9024879932403564,0.0687391012907028,9.0,0.7000000000000001,1.0
0.0104551268741488,0.8436244130134583,0.1459204852581024,17.0,0.85,1.0
0.0275298580527305,0.9235477447509766,0.048922412097454,27.0,0.93,1.0
0.0223525259643793,0.9373611211776732,0.0402863807976245,9.0,0.91,1.0
0.0097433226183056,0.5988370180130005,0.3914196491241455,17.0,0.88,1.0
0.9479286074638368,0.0312803909182548,0.0207910183817148,12.0,0.84,0.0
0.046371791511774,0.9134253263473512,0.0402028262615203,16.0,0.94,1.0
0.0462088845670223,0.9150276184082032,0.0387634821236133,15.0,0.75,1.0
0.0298895593732595,0.929438054561615,0.0406723096966743,29.0,0.9,1.0
0.0233849845826625,0.8964383006095886,0.0801766812801361,25.0,0.94,1.0
0.0765596106648445,0.8462815284729004,0.0771588385105133,42.0,0.87,1.0
0.0529223270714283,0.8459908962249756,0.1010867729783058,25.0,0.81,0.0
0.2344521433115005,0.7320401668548584,0.0335076823830604,18.0,0.85,0.0
0.0099070575088262,0.8637139797210693,0.126378983259201,71.0,0.91,1.0
0.0303651373833417,0.0328961014747619,0.9367387890815736,26.0,0.94,0.0
0.0270918887108564,0.618474006652832,0.3544341027736664,6.0,0.6900000000000001,1.0
0.0518278665840625,0.4541822671890259,0.4939899444580078,25.0,0.94,1.0
0.0326996892690658,0.562781810760498,0.4045185446739197,29.0,0.85,0.0
0.0221264772117137,0.8510012626647949,0.1268722712993621,34.0,0.88,1.0
0.0800738111138343,0.7540115118026733,0.1659146547317505,5.0,1.0,1.0
0.2155351340770721,0.6479955315589905,0.1364693343639373,13.0,0.89,1.0
0.5254273414611816,0.3908864259719848,0.083686277270317,16.0,0.88,1.0
0.018801549449563,0.910850703716278,0.0703477710485458,7.0,0.9,1.0
0.0789003670215606,0.8681830763816833,0.0529165305197238,107.0,0.98,1.0
0.0120008829981088,0.9161019325256348,0.0718972161412239,13.0,0.89,1.0
0.1446211040019989,0.7418608069419861,0.1135181114077568,20.0,0.91,1.0
0.0170898269861936,0.8983909487724304,0.0845191702246666,7.0,0.8300000000000001,0.0
0.0904107615351677,0.8642351031303406,0.0453541278839111,6.0,1.0,1.0
0.0273089539259672,0.9179161190986632,0.0547748617827892,36.0,0.92,1.0
0.02640619315207,0.8668498396873474,0.1067439764738082,7.0,1.0,1.0
0.1095912978053093,0.8326202034950256,0.057788498699665,17.0,0.88,1.0
0.0130701521411538,0.8109508752822876,0.1759790033102035,8.0,0.9,1.0
0.8861050009727478,0.0815146788954734,0.0323803015053272,14.0,0.86,0.0
0.0110615948215126,0.5316163897514343,0.4573220014572143,3.0,0.81,1.0
0.5120841860771179,0.1998883038759231,0.2880275249481201,23.0,0.9,1.0
0.0301591455936431,0.9391947984695436,0.0306460317224264,21.0,0.97,0.0
0.0620935708284378,0.8890889286994934,0.0488175600767135,22.0,0.9,0.0
0.1478156149387359,0.7750393152236938,0.0771450623869896,31.0,0.87,1.0
0.0382250025868415,0.9134514331817628,0.0483236387372016,6.0,0.88,1.0
0.9590485692024232,0.0267772730439901,0.014174067415297,24.0,0.79,1.0
0.0394716411828994,0.8875476717948914,0.0729807168245315,19.0,0.8,1.0
0.0540035478770732,0.8762149810791016,0.0697814896702766,24.0,0.89,1.0
0.8656355142593384,0.1116246283054351,0.0227398574352264,15.0,0.86,1.0
0.0193604249507188,0.9263512492179872,0.0542883723974227,21.0,0.96,1.0
0.0166160855442285,0.9358639121055604,0.04751992598176,13.0,0.8200000000000001,1.0
0.81376051902771,0.0633441135287284,0.1228954121470451,19.0,0.95,1.0
0.8566797971725464,0.1266195029020309,0.0167006999254226,21.0,0.96,1.0
0.111783355474472,0.3241242468357086,0.5640923976898193,8.0,1.0,1.0
0.7222497463226318,0.2574026882648468,0.0203475337475538,19.0,0.95,1.0
0.0094109717756509,0.5379330515861511,0.45265594124794,18.0,0.91,1.0
0.0319802165031433,0.9288583397865297,0.0391614437103271,63.0,0.89,0.0
0.0340503752231597,0.9218342900276184,0.0441153794527053,15.0,0.9,1.0
0.1036409884691238,0.1724007576704025,0.7239582538604736,4.0,0.71,1.0
0.0081567391753196,0.0840629935264587,0.9077801704406738,15.0,0.7000000000000001,1.0
0.0157611295580863,0.886825680732727,0.0974131897091865,12.0,0.94,1.0
0.0144580183550715,0.0408937521278858,0.944648265838623,26.0,0.91,0.0
0.3985401690006256,0.4330165982246399,0.1684432476758957,3.0,0.72,1.0
0.4435368478298187,0.3486397564411163,0.2078233361244201,6.0,0.81,1.0
0.0329293832182884,0.9350431561470032,0.0320274643599987,10.0,0.77,0.0
0.0276114530861377,0.9132010340690612,0.0591875612735748,26.0,0.9,1.0
0.183025911450386,0.7525107264518738,0.0644633546471595,7.0,0.74,1.0
0.9202311635017396,0.0598320625722408,0.0199367646127939,3.0,0.72,1.0
0.0823541283607482,0.7363491058349609,0.1812967509031295,24.0,0.78,1.0
0.0111456857994198,0.4368339478969574,0.5520204305648804,7.0,1.0,1.0
0.1185426414012909,0.84187912940979,0.0395782478153705,11.0,0.81,1.0
0.0248971413820981,0.8937761187553406,0.0813267901539802,14.0,0.87,1.0
0.0827236250042915,0.8686526417732239,0.0486236959695816,100.0,0.96,1.0
0.0860727950930595,0.6703183650970459,0.2436088472604751,18.0,0.86,1.0
0.02039728872478,0.5200721025466919,0.459530621767044,13.0,0.8,1.0
0.0231175646185874,0.9043707847595216,0.0725116729736328,3.0,0.72,1.0
0.0171414650976657,0.917172372341156,0.0656862035393714,38.0,0.81,1.0
0.025915740057826,0.9216089248657228,0.0524753592908382,21.0,0.78,1.0
0.0214078333228826,0.9160367250442504,0.062555506825447,3.0,0.81,1.0
0.0197796821594238,0.9344258308410645,0.0457944311201572,20.0,0.8300000000000001,1.0
0.052624013274908,0.9124742150306702,0.0349017865955829,19.0,0.8300000000000001,1.0
0.4773913323879242,0.4134125411510467,0.1091960817575454,11.0,0.87,1.0
0.0186049230396747,0.9167839288711548,0.0646111667156219,72.0,0.97,0.0
0.0200373213738203,0.8343937993049622,0.1455688327550888,26.0,0.84,0.0
0.3945923745632171,0.563287615776062,0.042119987308979,9.0,0.73,0.0
0.7381893992424011,0.0242779869586229,0.2375326305627823,13.0,0.78,0.0
0.0758327394723892,0.8851751089096069,0.0389921143651008,46.0,0.93,1.0
0.0142201390117406,0.8752832412719727,0.1104965880513191,24.0,1.0,1.0
0.0282735992223024,0.9276304841041564,0.0440959371626377,5.0,0.86,1.0
0.0265785045921802,0.9415038228034972,0.031917717307806,79.0,0.97,1.0
0.8125556111335754,0.0974022299051284,0.0900421142578125,33.0,0.91,1.0
0.8820992708206177,0.0890621095895767,0.0288385991007089,7.0,1.0,1.0
0.0839947834610939,0.8769682049751282,0.0390369705855846,38.0,0.91,1.0
0.1203204840421676,0.8317866921424866,0.0478927977383136,18.0,0.89,1.0
0.0464433543384075,0.9059027433395386,0.0476539209485054,21.0,0.9,1.0
0.0645389258861541,0.91727876663208,0.0181822646409273,31.0,0.94,1.0
0.5164937376976013,0.4584130048751831,0.0250932779163122,21.0,0.86,0.0
0.0172559060156345,0.9299888014793396,0.0527552776038646,7.0,0.8200000000000001,1.0
0.2184750735759735,0.3054929077625274,0.4760320484638214,21.0,0.88,1.0
0.0769045948982238,0.8886815309524536,0.0344138331711292,29.0,0.81,1.0
0.8648502230644226,0.1141768544912338,0.0209729988127946,19.0,1.0,1.0
0.019571391865611,0.9263186454772948,0.0541099496185779,253.0,0.98,1.0
0.0577603429555892,0.895648181438446,0.0465914346277713,61.0,0.94,1.0
0.4863738715648651,0.4169321358203888,0.0966939255595207,25.0,0.93,1.0
0.0572555214166641,0.8840157985687256,0.0587286427617073,3.0,1.0,1.0
0.017539482563734,0.9316508769989014,0.0508095733821392,26.0,0.94,1.0
0.2051421254873275,0.7455919981002808,0.0492658540606498,36.0,0.88,1.0
0.0096235051751136,0.3120447397232055,0.678331732749939,67.0,0.94,0.0
0.0128134507685899,0.8699733018875122,0.1172131821513176,9.0,0.91,1.0
0.640397846698761,0.3246219158172607,0.0349802076816558,27.0,0.8300000000000001,1.0
0.0306156836450099,0.92719167470932,0.042192667722702,9.0,1.0,0.0
0.0179778560996055,0.8431992530822754,0.1388228684663772,9.0,0.92,1.0
0.6997207403182983,0.193670317530632,0.1066089496016502,5.0,0.73,1.0
0.0291801821440458,0.9363915920257568,0.0344282053411006,4.0,0.76,1.0
0.6572062373161316,0.2493546456098556,0.0934391543269157,17.0,0.96,1.0
0.97020423412323,0.0221731346100568,0.0076226564124226,9.0,0.85,1.0
0.0491976998746395,0.9123640656471252,0.0384382717311382,29.0,0.88,1.0
0.0509746372699737,0.902690291404724,0.0463350974023342,27.0,0.95,1.0
0.0192146208137273,0.7222259044647217,0.2585594654083252,6.0,0.88,0.0
0.0226122867316007,0.9387632608413696,0.0386244654655456,9.0,0.76,1.0
0.0082629667595028,0.4934745728969574,0.498262494802475,5.0,0.78,1.0
0.0236009657382965,0.7571713924407959,0.2192276716232299,47.0,0.94,1.0
0.528113842010498,0.1366574168205261,0.3352287113666534,5.0,1.0,0.0
0.0100372470915317,0.8681710362434387,0.1217917501926422,44.0,0.8300000000000001,1.0
0.029902022331953,0.9131764769554138,0.0569215193390846,17.0,0.92,0.0
0.0548955649137496,0.8813409209251404,0.0637634992599487,23.0,0.86,1.0
0.0180090200155973,0.9327564239501952,0.0492344982922077,14.0,0.95,1.0
0.0381251275539398,0.9051324129104614,0.0567424446344375,16.0,0.92,1.0
0.0358410738408565,0.4375879168510437,0.5265710353851318,5.0,0.86,1.0
0.154476597905159,0.8151825070381165,0.0303408969193696,86.0,0.97,1.0
0.2444566637277603,0.7242048382759094,0.0313384570181369,36.0,0.97,0.0
0.6838099956512451,0.1955861300230026,0.1206039413809776,8.0,0.85,0.0
0.5514578819274902,0.3899316787719726,0.0586104206740856,24.0,0.86,1.0
0.0302646867930889,0.0809751600027084,0.8887601494789124,12.0,0.72,1.0
0.0653877109289169,0.7740973234176636,0.1605149805545807,18.0,0.88,1.0
0.0809382572770118,0.8961243033409119,0.0229374319314956,54.0,0.92,1.0
0.109210081398487,0.7420135140419006,0.1487764865159988,2.0,0.76,1.0
0.2544593513011932,0.5559080243110657,0.1896326094865799,20.0,0.89,1.0
0.012521400116384,0.8767449259757996,0.1107336580753326,22.0,0.86,1.0
0.802988588809967,0.0444284193217754,0.1525830030441284,12.0,0.85,0.0
0.0448456332087516,0.912353813648224,0.0428005941212177,43.0,0.87,1.0
0.93804270029068,0.0387494564056396,0.0232077911496162,80.0,0.92,1.0
0.0235221590846776,0.9339728355407716,0.04250493273139,60.0,0.89,1.0
0.6679229736328125,0.2004429250955581,0.1316341459751129,5.0,1.0,1.0
0.0194672066718339,0.9357377290725708,0.0447950325906276,56.0,0.95,1.0
0.0128071410581469,0.8561389446258545,0.1310538798570633,40.0,0.88,1.0
0.934786021709442,0.0493970289826393,0.0158169865608215,41.0,0.8200000000000001,0.0
0.4102882742881775,0.3226499259471893,0.2670618295669555,60.0,0.98,1.0
0.0128781395033001,0.905003547668457,0.0821183025836944,45.0,0.91,1.0
0.0735277831554412,0.8831706047058105,0.0433015786111354,58.0,0.9,1.0
0.0254158414900302,0.9217552542686462,0.0528288446366786,79.0,0.93,0.0
0.0285853687673807,0.8564409613609314,0.1149736791849136,41.0,0.87,1.0
0.0805178806185722,0.8984031081199646,0.0210790485143661,9.0,0.81,1.0
0.0296469088643789,0.690377414226532,0.2799757122993469,18.0,0.74,1.0
0.1105360835790634,0.6380632519721985,0.2514006495475769,10.0,0.92,1.0
0.0233690198510885,0.4008943736553192,0.5757366418838501,6.0,0.76,0.0
0.1083297878503799,0.7944314479827881,0.0972388163208961,8.0,0.76,1.0
0.0306085683405399,0.8342357873916626,0.1351556330919265,30.0,0.9,0.0
0.0665026679635047,0.8829120397567749,0.05058528855443,14.0,0.86,0.0
0.0249270386993885,0.9065358638763428,0.0685370340943336,79.0,0.85,0.0
0.0122632924467325,0.7908313870429993,0.196905255317688,16.0,1.0,1.0
0.0203515030443668,0.941175639629364,0.0384728498756885,31.0,1.0,1.0
0.0764353424310684,0.8516637086868286,0.0719009265303611,6.0,1.0,1.0
0.0385380424559116,0.2636031806468963,0.6978588104248047,14.0,1.0,1.0
0.0310315862298011,0.9103326797485352,0.0586358122527599,65.0,0.9,0.0
0.0155963599681854,0.5616324543952942,0.4227711856365204,47.0,0.9,0.0
0.1568131297826767,0.7557955980300903,0.0873912721872329,18.0,0.96,0.0
0.2340771257877349,0.727743923664093,0.0381790287792682,13.0,0.88,0.0
0.1099515482783317,0.8424197435379028,0.0476287044584751,89.0,0.72,1.0
0.3754565417766571,0.5870355367660522,0.0375079326331615,22.0,0.91,0.0
0.5778224468231201,0.2855822145938873,0.1365953385829925,43.0,0.98,0.0
0.0566558837890625,0.9016602635383606,0.0416838265955448,12.0,0.8200000000000001,0.0
0.7642571926116943,0.1817516982555389,0.0539911463856697,23.0,0.8200000000000001,1.0
0.8969771265983582,0.0821158215403556,0.0209071226418018,54.0,0.95,1.0
0.7347937226295471,0.2092840522527694,0.0559221655130386,6.0,0.76,1.0
0.8077645301818848,0.1147418990731239,0.0774935260415077,26.0,0.88,1.0
0.0206607822328805,0.913795530796051,0.0655436739325523,150.0,0.96,1.0
0.0789093971252441,0.8767268061637878,0.0443637482821941,6.0,0.68,1.0
0.0088164545595645,0.7492746710777283,0.2419088631868362,8.0,0.85,1.0
0.0114522315561771,0.7814005017280579,0.2071471959352493,62.0,0.93,1.0
0.130378857254982,0.7122751474380493,0.1573460549116134,69.0,0.89,1.0
0.6357459425926208,0.142469048500061,0.2217849791049957,26.0,0.9,0.0
0.1663597375154495,0.7822666168212891,0.0513735674321651,4.0,0.7000000000000001,1.0
0.7075627446174622,0.077875055372715,0.2145622372627258,25.0,0.8200000000000001,1.0
0.9366975426673888,0.0489733628928661,0.0143290795385837,65.0,0.86,1.0
0.0732733309268951,0.880128800868988,0.0465978793799877,62.0,0.95,1.0
0.013696676120162,0.9365453124046326,0.0497580803930759,22.0,0.87,1.0
0.1242152377963066,0.8170140981674194,0.0587706491351127,441.0,0.99,1.0
0.0447027012705802,0.9323506951332092,0.0229466315358877,5.0,0.71,1.0
0.1591231971979141,0.7795882225036621,0.0612885914742946,14.0,0.84,1.0
0.7152629494667053,0.2444583922624588,0.0402785912156105,31.0,0.89,1.0
0.0971844568848609,0.8383126854896545,0.0645027980208396,81.0,0.94,0.0
0.3231989443302154,0.3699954450130462,0.3068056106567383,6.0,0.73,0.0
0.5415501594543457,0.3903062641620636,0.0681435763835907,3.0,0.81,1.0
0.6889793276786804,0.1115136817097663,0.1995070278644561,117.0,0.95,1.0
0.0268252007663249,0.9272093772888184,0.0459654591977596,100.0,0.96,0.0
0.0125669697299599,0.8339669108390808,0.1534660905599594,50.0,0.9,1.0
0.02497866936028,0.9458211660385132,0.0292002111673355,7.0,0.8200000000000001,1.0
0.047713603824377,0.9240867495536804,0.0281996540725231,111.0,0.95,1.0
0.0099925613030791,0.6377655863761902,0.3522418439388275,9.0,0.71,1.0
0.049147855490446,0.9238379001617432,0.0270142741501331,60.0,0.95,1.0
0.1617375016212463,0.8015366196632385,0.0367259047925472,86.0,0.94,1.0
0.0222281292080879,0.9512859582901,0.0264859162271022,44.0,0.98,1.0
0.0146696483716368,0.8828451037406921,0.1024852618575096,8.0,0.84,1.0
0.1875440925359726,0.7419702410697937,0.0704856514930725,24.0,0.97,1.0
0.2505169808864593,0.7101439237594604,0.0393391139805316,11.0,0.64,1.0
0.015135109424591,0.8372283577919006,0.1476364880800247,25.0,0.86,1.0
0.0235565584152936,0.9203252196311952,0.0561181716620922,17.0,1.0,1.0
0.1134100034832954,0.8483923077583313,0.0381976626813411,47.0,0.97,1.0
0.0322753824293613,0.9276649355888368,0.0400596112012863,82.0,0.96,1.0
0.0343101657927036,0.9300222396850586,0.0356675796210765,17.0,0.8200000000000001,1.0
0.923723042011261,0.0555037260055542,0.0207731910049915,24.0,0.78,1.0
0.0111950589343905,0.9078915119171144,0.0809134319424629,77.0,0.95,1.0
0.1396811753511428,0.816260814666748,0.0440579615533351,29.0,0.93,1.0
0.4982219040393829,0.3479976952075958,0.1537804007530212,30.0,0.84,1.0
0.2360987067222595,0.31769660115242,0.4462046325206756,35.0,0.85,1.0
0.0171846989542245,0.6806759238243103,0.3021393716335296,78.0,0.98,1.0
0.0122367423027753,0.6170576214790344,0.370705634355545,12.0,0.85,1.0
0.080002911388874,0.8690906167030334,0.0509064085781574,19.0,0.95,1.0
0.1738879978656768,0.7886297106742859,0.0374822579324245,15.0,0.94,0.0
0.9480640292167664,0.0418535880744457,0.0100823044776916,2.0,0.75,0.0
0.030297290533781,0.9123017191886902,0.0574009753763675,37.0,0.93,1.0
0.0205139406025409,0.8967430591583252,0.0827429816126823,15.0,0.95,1.0
0.0392434112727642,0.4040460288524627,0.5567106008529663,28.0,0.95,1.0
0.0275632832199335,0.9311124682426452,0.0413242578506469,106.0,0.97,1.0
0.3556332588195801,0.6020691394805908,0.0422975160181522,16.0,0.85,1.0
0.1049366816878318,0.8487526774406433,0.0463106781244277,161.0,0.99,1.0
0.021037807688117,0.9150598645210266,0.0639023557305336,29.0,0.91,1.0
0.8459423780441284,0.1305209398269653,0.0235367100685834,5.0,0.78,1.0
0.0154153695330023,0.9024144411087036,0.0821702554821968,46.0,0.87,1.0
0.1889270544052124,0.6958460807800293,0.1152269095182418,49.0,0.89,1.0
0.5521800518035889,0.3012446165084839,0.1465752869844436,25.0,0.76,1.0
0.0650429502129554,0.8596193790435791,0.0753377005457878,16.0,0.92,1.0
0.0337969064712524,0.9106720089912416,0.0555310063064098,43.0,0.85,1.0
0.0272184964269399,0.9258058071136476,0.046975664794445,46.0,0.88,1.0
0.0139417070895433,0.7992363572120667,0.1868219822645187,26.0,0.79,1.0
0.0108377067372202,0.869839072227478,0.1193231642246246,25.0,0.8,1.0
0.513898491859436,0.1144092306494712,0.3716922104358673,27.0,0.8200000000000001,1.0
0.0881649926304817,0.8611549139022827,0.0506801269948482,14.0,0.79,0.0
0.0102512007579207,0.8917837738990784,0.0979650318622589,31.0,0.9,0.0
0.0135770626366138,0.8642699718475342,0.1221529841423034,15.0,0.84,1.0
0.0127168335020542,0.8915987610816956,0.0956844165921211,67.0,0.89,1.0
0.0186932925134897,0.7076640725135803,0.2736426293849945,110.0,0.96,1.0
0.0252895802259445,0.934374749660492,0.0403357297182083,54.0,0.86,1.0
0.2296546995639801,0.7070672512054443,0.0632780566811561,23.0,0.9,1.0
0.2147368490695953,0.6141799092292786,0.1710831969976425,77.0,0.93,1.0
0.0472266785800457,0.8914543986320496,0.0613189488649368,38.0,0.85,0.0
0.9451122879981996,0.0345932692289352,0.0202944613993167,48.0,0.88,1.0
0.0229376889765262,0.8437604904174805,0.1333018392324447,76.0,0.92,1.0
0.071330152451992,0.1341471970081329,0.7945226430892944,112.0,0.9,0.0
0.0161025766283273,0.9309051632881165,0.0529922284185886,4.0,0.75,0.0
0.0315374135971069,0.8961595296859741,0.0723030269145965,31.0,0.86,1.0
0.4317646920681,0.4414553046226501,0.1267800331115722,180.0,0.91,1.0
0.7228792905807495,0.1118359416723251,0.1652848124504089,25.0,0.89,0.0
0.0324315652251243,0.1438630521297454,0.8237053751945496,33.0,0.84,1.0
0.0762860476970672,0.8420373201370239,0.0816766321659088,50.0,0.89,0.0
0.3418108522891998,0.0635475069284439,0.5946416854858398,35.0,0.85,1.0
0.076640710234642,0.8756927251815796,0.0476665832102298,257.0,0.97,1.0
0.0603365860879421,0.9152353405952454,0.0244280118495225,19.0,0.84,1.0
0.0564387924969196,0.9093809127807616,0.0341803170740604,36.0,0.91,0.0
0.0092087117955088,0.8259187340736389,0.1648725569248199,102.0,0.97,1.0
0.0135529916733503,0.6580573320388794,0.3283897042274475,6.0,0.75,0.0
0.0320698507130146,0.9178266525268556,0.0501034744083881,62.0,0.93,0.0
0.027181576937437,0.9230645895004272,0.0497537776827812,153.0,0.91,0.0
0.0156347751617431,0.909926414489746,0.0744388476014137,23.0,0.86,1.0
0.0171834044158458,0.6271881461143494,0.355628490447998,54.0,0.85,1.0
0.0439109951257705,0.1122997030615806,0.843789279460907,9.0,1.0,0.0
0.0188222266733646,0.9052561521530152,0.0759216323494911,169.0,0.97,1.0
0.0206487104296684,0.903480052947998,0.0758712440729141,41.0,0.89,1.0
0.0402659215033054,0.904856503009796,0.0548775419592857,50.0,0.87,1.0
0.3560851216316223,0.4853337705135345,0.1585811227560043,52.0,0.94,1.0
0.074296623468399,0.861569881439209,0.0641334429383277,22.0,0.77,1.0
0.0751571133732795,0.9028239846229552,0.0220189373940229,121.0,0.98,1.0
0.016236562281847,0.8893347978591919,0.094428576529026,105.0,1.0,1.0
0.0180812440812587,0.926884651184082,0.0550341643393039,102.0,0.95,1.0
0.0441196896135807,0.9143152832984924,0.0415649935603141,14.0,0.95,1.0
0.0519682094454765,0.7242647409439087,0.2237671017646789,4.0,0.71,1.0
0.2619284987449646,0.6939520835876465,0.0441193841397762,8.0,0.67,1.0
0.0109268669039011,0.8172751069068909,0.1717980206012725,51.0,0.94,0.0
0.0692873448133468,0.7878298163414001,0.142882838845253,110.0,0.97,0.0
0.2015638649463653,0.5907095670700073,0.2077265530824661,33.0,0.85,1.0
0.0591476671397686,0.8836347460746765,0.0572175942361354,27.0,0.81,1.0
