0,1,2,3,4,5,6,7
0.6634040017426014,6.208875950574876,0.1477199169248339,0.0,0.0,0.0,1.0,0.03109962591477936
15.271389961242676,0.581474184989928,0.1471353471279136,0.0,0.0,0.0,0.0,0.0
0.7600943565368649,7.492651247978212,0.9472537100315093,0.0,0.0,0.0,1.0,0.17972683318512356
22.43472187757492,8.263539948463439,1.3417378158867335,0.0,0.0,0.0,0.0,0.0
0.8586717382073399,2.863746726512909,0.5775817915797232,0.0,0.0,0.0,-1.0,-0.03072594139431612
2.7997312545776363,0.15544097498059262,0.0448277061805128,0.0,0.0,0.0,0.0,0.0
0.12191137969493848,3.6033706605434417,0.17471807599067682,0.0,0.0,0.0,1.0,0.038449384191531086
0.488753244280815,2.514406740665436,1.996839791536331,0.1771436482667922,3.4370155334472656,0.3858406990766524,1.0,0.09999996682871944
0.0533219072967765,2.445334017276764,0.5013442486524582,0.0,0.0,0.0,1.0,0.027479151619520175
0.20947871543466978,6.360438048839568,0.4300834052264687,0.2571357563138007,2.656069815158844,0.08679428882896889,1.0,0.03445376795378682
0.6022044856101265,10.062361910939215,0.3854329859837887,1.8106768727302551,0.46659108996391285,0.722731813788414,1.0,0.02020200074126503
0.15601841211318962,4.450568675994874,0.19341291189193682,0.0,0.0,0.0,0.0,0.0
0.2550562620162964,1.579355239868164,0.1655885726213454,0.0,0.0,0.0,1.0,0.021392626913489098
2.459572196006775,0.08564702741801722,0.29478112041950205,0.535042494535446,2.2598020434379578,0.2051555737853049,-1.0,-0.02380950128320286
0.04077229343354698,1.1734917533397675,0.0457359250634908,0.0,0.0,0.0,1.0,0.03409558679904358
2.2474186420440674,0.12714370787143706,0.025437607616185926,0.08333470672369,0.2121501564979552,1.7045150995254517,-1.0,-0.02907295631327994
11.248379495143892,0.2226280820742247,0.14899279072880686,0.0,0.0,0.0,1.0,0.026809625769762823
0.26049332786351326,0.374741566181182,12.794765256047247,0.0,0.0,0.0,1.0,0.21490418513623405
0.21283857246860852,7.659646806120873,1.0375141733139748,0.0,0.0,0.0,0.0,0.0
1.9184139823913573,2.8100816345214845,0.7115041399002072,0.037861654534935896,2.6263046264648438,0.33583353459835047,0.0,0.0
0.5093538267910476,23.077420291900633,3.413226680606603,0.0,0.0,0.0,0.0,0.0
0.266948401927948,1.664045810699463,0.0690058097243308,0.2022680193185806,1.7477765083312988,0.049955554306507,0.0,0.0
0.7227566081285469,5.813856296539306,3.4733873936533923,0.0608154162764548,2.9147391319274902,1.0244456529617307,1.0,0.02973974795700099
5.62845504283905,0.282565891742706,0.08897915482521,0.0,0.0,0.0,-1.0,-0.05387876875008386
0.10682323202490779,5.233532667160034,0.6596438884735104,0.0,0.0,0.0,0.0,0.0
0.05069010006263835,3.7294804751873016,0.7198290601372719,0.0,0.0,0.0,1.0,0.02153594225722081
0.3267349302768704,15.114137649536135,0.559128165245056,10.869354963302612,6.897157520055771,1.2334865257143974,0.0,0.0
0.29609664708375905,2.9148908090591434,0.10901270464062683,0.0,0.0,0.0,-1.0,-0.020359512124572956
7.500807845592498,0.9289941072463982,0.17019828744232643,3.091516852378845,3.723526895046234,0.1849558744579553,0.0,0.0
0.07044682033359984,0.5288564473390577,5.720697526931763,0.0,0.0,0.0,0.0,0.0
0.05584962069988251,1.4234517526626584,0.04069870874285686,0.0812981128692626,1.8515658378601072,0.0671360418200492,0.0,0.0
0.16963201582431767,2.886506826877594,0.2638609841465949,0.0,0.0,0.0,0.0,0.0
2.000850150585175,3.8873009872436524,0.2718489080667496,0.1749062538146972,1.7432109117507935,0.0818828344345092,0.0,0.0
1.1619102215766905,0.07376527883112419,0.02432458642870179,1.4570488482713697,6.180631756782532,0.3623188920319076,0.0,0.0
0.03765925593674179,2.8917952466011045,0.7905454766750334,0.0,0.0,0.0,0.0,0.0
1.8974256515502927,0.0660150423645972,0.0365592762827872,0.0,0.0,0.0,0.0,0.0
14.99772741794586,2.1461585775017724,0.2561145231127726,7.716162681579591,0.218183636665344,0.0656533613801,0.0,0.0
0.059763953536748717,1.7252032327651976,0.07503273054957375,0.0,0.0,0.0,-1.0,-0.030260205941477034
0.957051552534103,8.434005843400955,0.6189424549043175,5.507809400558472,6.34742996096611,1.144760981202125,0.0,0.0
0.1769659096375107,5.828163975477218,0.2948697980493306,0.0,0.0,0.0,0.0,0.0
0.5115030847489833,9.59318968653679,0.5953068397939195,0.0265299770981072,1.3841642141342163,0.589305818080902,0.0,0.0
0.023385963961481994,0.7910404205322267,0.28557371795177455,0.0,0.0,0.0,-1.0,-0.043284300413607806
0.026469951309263703,0.1341662675142287,1.6393638968467712,0.0,0.0,0.0,0.0,0.0
2.555624496936798,7.117840549945832,0.44653465151786775,0.0,0.0,0.0,1.0,0.02203289063369594
0.08816395696252564,0.6679797980189324,9.203855938911438,0.0,0.0,0.0,0.0,0.0
2.7524679923057556,7.556108708381653,0.371422941237688,0.0,0.0,0.0,0.0,0.0
0.277865141630172,7.540404796600343,0.181730195879936,0.0,0.0,0.0,0.0,0.0
0.5224130748026065,15.201824156045916,0.48576311219483537,0.0,0.0,0.0,1.0,0.15844749569344074
0.12692560441792,4.5486536622047415,0.32442081719636906,0.0,0.0,0.0,1.0,0.036872099654516564
2.0498934745788575,0.2870741307735442,0.06303224712610225,1.760384831577539,7.08008998632431,1.1595251783728595,1.0,0.02598578452210401
2.193874716758728,2.5328460335731506,0.27327893301844547,0.0,0.0,0.0,1.0,0.09039546234212177
0.434513576328754,4.469263255596161,0.096222972497344,0.0,0.0,0.0,0.0,0.0
0.4525389488041397,2.182052522599697,3.5954086214303973,0.0,0.0,0.0,1.0,0.02108084568722821
3.468530178070068,6.194743514060974,0.33672671765089,0.5915322080254554,3.793516159057617,1.6149517334997654,0.0,0.0
2.1777596569061264,15.05030668258667,2.9319345617294297,1.8344969749450684,0.140740618109703,0.0247623417526482,1.0,0.057155350252791934
0.42981744244694614,10.791743259429932,0.9584388443827628,0.1487017422914504,1.7217354774475098,0.1295626908540724,0.0,0.0
6.512828737497331,9.641276979446411,0.4458932626992456,0.0,0.0,0.0,0.0,0.0
0.4956815242767324,11.041504383087158,0.4628139585256572,1.5531009435653687,1.3600579798221588,0.0868410207331179,-1.0,-0.028171876613486285
4.36506490945816,9.25643851518631,0.41849618308246056,6.633319612592458,6.987368389964103,0.3793124668300142,-1.0,-0.13222039702654864
4.92176159620285,0.21729586221277689,0.08094288675114494,0.0,0.0,0.0,-1.0,-0.0527122886049278
0.714323748350143,14.259245567321777,0.8664300942420958,0.0,0.0,0.0,1.0,0.027241582484415997
3.572948920726776,13.743758511543275,1.2832917362451555,0.0,0.0,0.0,1.0,0.04466291612358192
3.1682703334093083,24.182613487243653,3.609117332696912,0.0,0.0,0.0,1.0,0.027371153817339
0.06572909206151953,0.7639582157135011,0.37031271457672127,5.236299097537994,1.5658673644065852,0.1978332605212923,-1.0,-0.06043956655765567
0.08738817192614068,1.6206920242309568,0.15191965833306298,0.0,0.0,0.0,1.0,0.030581621489154047
0.27273799018934297,15.277665262818335,1.3595968414843083,0.0,0.0,0.0,0.0,0.0
10.74542509317398,1.5499307200312604,0.3046439286321392,0.5642821267247193,7.878768086433411,1.5569497346878047,1.0,0.03677057178440075
0.04728621460497372,1.6485315817594528,0.07418211791664361,0.03878279030323,3.326507329940796,0.6347099542617796,1.0,0.0375865787251274
0.23412983715534172,6.231093406677246,0.7347765684127803,0.0,0.0,0.0,-1.0,-0.020100551364774327
9.761209390163422,0.28083460301160734,0.07795587958767924,0.0,0.0,0.0,-1.0,-0.05875329663910595
0.021553371101617803,1.0348504543304444,0.14359621703624725,0.0,0.0,0.0,0.0,0.0
1.8139873981475831,4.941277885437012,0.44473439455032315,0.09698028489947311,2.688887894153595,0.21413163095712662,0.0,0.0
2.65857628583908,10.360899782180788,0.5805246412754047,5.520198196172713,10.210166335105896,3.269635412842035,-1.0,-0.07741957801459844
0.9935829305648791,40.23030807495117,2.9361057043075527,0.0,0.0,0.0,1.0,0.11235010077285945
1.7396349388360979,0.226302335858345,0.04406275900080789,0.0,0.0,0.0,-1.0,-0.029894975648353146
0.22902899131178758,3.6442396330833433,7.046731009483337,0.0,0.0,0.0,1.0,0.0831423829272811
0.14079762250185002,2.7264778017997737,0.1327244751155376,0.0,0.0,0.0,0.0,0.0
1.319029739499092,2.7806445360183716,0.200325996801257,0.0,0.0,0.0,0.0,0.0
0.04915649252012363,1.642795566916466,0.3180478245019912,0.0,0.0,0.0,-1.0,-0.04400446265016961
0.1266273893415924,0.4671662449836726,5.406206488609314,0.0,0.0,0.0,-1.0,-0.10117381373359297
0.1856914311647415,1.1940706372261047,0.12023793160915364,0.0,0.0,0.0,0.0,0.0
0.11044278144836425,2.2202322006225588,0.06932511180639264,0.0,0.0,0.0,0.0,0.0
1.5295121254026869,28.62144377946854,0.9290462370961904,0.0,0.0,0.0,0.0,0.0
0.1807800680398937,6.508504688739777,0.310715034604072,0.1345461755990982,1.8020496368408203,0.0634040981531142,0.0,0.0
0.11362420717254249,5.651281903982163,0.4450937153398986,0.12575314193964,4.65164315700531,0.2226037979125975,1.0,0.039126581474209
1.2516503036022186,1.8981511890888214,1.850198656320572,0.0,0.0,0.0,1.0,0.055473192725663006
9.21825714111328,44.35710754394531,4.024637889862061,0.0,0.0,0.0,1.0,0.06710538574532184
13.955505105257034,0.9373120775073764,0.7671824672073112,0.0,0.0,0.0,0.0,0.0
0.74948020145297,0.7820489573478694,4.698470934033394,0.0,0.0,0.0,-1.0,-0.02240452037662294
1.4598602056503294,0.02288022916764015,0.0172594031319021,0.0,0.0,0.0,-1.0,-0.14158330274749142
2.9273382425308223,0.0521579291671512,0.0205039316788314,0.0,0.0,0.0,-1.0,-0.07204301994136442
15.114409346580505,1.0293476448953143,1.3362438550591456,0.0,0.0,0.0,-1.0,-0.13654849231895924
0.03469537608325464,2.0383409023284913,0.5269636780023574,0.0,0.0,0.0,0.0,0.0
0.19639160089194768,1.7345962858200075,0.07901197101920836,0.0,0.0,0.0,-1.0,-0.038012392632658466
3.0658940076828003,2.668032109737396,0.2660739049315452,0.0,0.0,0.0,-1.0,-0.06235252521194102
0.4038091169670222,13.73555959939957,0.8006301426887504,0.0,0.0,0.0,0.0,0.0
0.034183694608509445,1.2112404930591585,0.09457580983638753,0.0,0.0,0.0,0.0,0.0
0.31481255795806606,11.39766240119934,0.7375255510210981,0.0,0.0,0.0,1.0,0.04783600103274894
0.1718438569456336,2.971742406487465,0.2064135618507859,0.0,0.0,0.0,1.0,0.06428571266381912
0.5396597233042101,27.8836529314518,1.836688190698622,0.0,0.0,0.0,-1.0,-0.026692698995854188
0.6714113491773601,5.154758763313293,0.6538297426700587,0.3138941526412962,3.3203237056732178,2.3657820969820023,-1.0,-0.1088454024325695
2.463039579391479,0.19153251171112062,5.985428295135498,0.0,0.0,0.0,-1.0,-0.03992275417463833
6.5265501737594604,4.483742952346802,0.38970759585499704,0.0,0.0,0.0,1.0,0.03636369941648616
0.2568049170821894,11.22575753211975,1.4374371898174276,0.0,0.0,0.0,0.0,0.0
0.978731438443064,14.74794752597809,1.28332154251635,0.0,0.0,0.0,0.0,0.0
1.9284908133745187,8.524608392715454,0.4669004277884954,0.0,0.0,0.0,0.0,0.0
0.23048645853996244,4.443076515197755,0.12643689215183232,0.0,0.0,0.0,0.0,0.0
0.12282606661319714,2.0557326793670656,0.2214413702487946,0.9842253923416138,0.9192882180213928,0.0964865684509276,0.0,0.0
0.04720055434852834,0.07260828025639048,1.7401911342144012,0.0,0.0,0.0,0.0,0.0
0.890881412029266,3.9032125377655027,0.16590593934059106,0.0,0.0,0.0,0.0,0.0
5.634073750078677,6.273667979836464,0.5022582700848576,2.370443820953369,0.2199950814247128,1.4095610380172727,1.0,0.06331333683887282
0.4211262702941892,0.4729194152355193,4.385954275131226,0.0,0.0,0.0,-1.0,-0.14848811728010444
1.2557472668588152,10.590691620111466,1.4535606175661078,0.0,0.0,0.0,0.0,0.0
0.1615978240966797,0.5095508098602292,12.128850555419923,0.0,0.0,0.0,1.0,0.021075003019475336
3.4209546303749088,0.11667211197316642,0.48237306296825394,0.0,0.0,0.0,-1.0,-0.022991074605884666
5.617531093508005,18.672625910639763,0.9398432778194542,0.1337202694267034,6.350531280040741,0.515748880803585,0.0,0.0
1.431643629074096,5.980822658538818,0.1875338256359096,0.0,0.0,0.0,0.0,0.0
0.12486085779964916,3.273987179994583,0.251151907816529,2.9932556748390198,3.0784328579902644,0.9283114671707149,0.0,0.0
0.7229930663108814,20.6130366897583,0.7439708197116832,0.0,0.0,0.0,0.0,0.0
14.959492835998537,0.2485519907064721,0.1819547719694668,0.0,0.0,0.0,0.0,0.0
0.170139878988266,1.7696279287338257,0.060232076793909,0.0,0.0,0.0,0.0,0.0
4.682103257179261,5.893782258033752,0.9041143137216564,0.0,0.0,0.0,0.0,0.0
0.09407410591840723,5.2897994375228885,4.496125941276551,0.0,0.0,0.0,0.0,0.0
0.1671846628189085,2.131380844116211,0.1014345645904541,0.0,0.0,0.0,1.0,0.027179745485186004
0.09008271396160107,2.0139923429489133,0.05592497125267966,0.0,0.0,0.0,0.0,0.0
0.31881382226943933,4.397199940681458,0.32398608684539765,0.0,0.0,0.0,0.0,0.0
0.23307998448610304,5.909884104728699,0.177036193311214,0.0,0.0,0.0,0.0,0.0
0.30263236541301003,6.8557555103302,1.0316123378276822,0.0736630931496618,2.5975579619407654,0.3287791460752485,0.0,0.0
0.30562688112258884,6.706193733215332,0.18817977458238552,0.0,0.0,0.0,0.0,0.0
0.2038972349837417,8.263179754018786,0.5529231622070068,0.1697645038366316,1.756514310836792,0.0737211853265762,0.0,0.0
0.5667380714416496,12.210249156951905,0.3430120629072188,0.0,0.0,0.0,0.0,0.0
0.08501851636916392,1.8736656010150912,0.051315744090825295,0.0,0.0,0.0,0.0,0.0
0.6281489574909197,13.87138810157776,0.3804637724161143,0.0,0.0,0.0,0.0,0.0
2.949210223555565,0.07627241294831023,0.024517383379861646,0.0,0.0,0.0,0.0,0.0
0.36605261452496046,17.93525056540966,2.448696201667189,0.0,0.0,0.0,0.0,0.0
0.5797135174274435,16.494139003753666,0.5261481672525391,0.0,0.0,0.0,0.0,0.0
0.32095348343253055,7.261644185185432,0.6074023313820358,0.0,0.0,0.0,-1.0,-0.02370026511854507
0.33613172024488447,8.619149518013002,0.2447186246514317,0.0,0.0,0.0,0.0,0.0
0.8697373920120253,31.892686064243314,32.097579866051674,0.8118876665830612,8.692854940891266,1.4952569007873528,0.0,0.0
0.6069966673851014,3.5150908756256105,0.1979127144813537,0.0,0.0,0.0,0.0,0.0
0.053510785661637535,3.5260093569755555,0.2704799577593802,0.0,0.0,0.0,0.0,0.0
1.4810590267181338,33.50721817016601,41.81172180175781,0.9427980929613106,11.411970973014832,1.6452315598726266,0.0,0.0
1.049639360010624,13.999317444562912,0.6110430204123256,0.0,0.0,0.0,0.0,0.0
0.2350470247864723,5.922105426788331,0.16284787803888273,0.0,0.0,0.0,0.0,0.0
0.1972673964500427,4.947213850021363,0.13551913708448388,0.0,0.0,0.0,0.0,0.0
0.40402083490043805,19.71337836384773,4.532601627707481,0.0,0.0,0.0,0.0,0.0
0.04374026924371709,1.2076683771610262,0.08859134361147881,0.0,0.0,0.0,1.0,0.051305936733121525
0.07601258978247634,4.542245235443115,0.6617424058914182,0.0,0.0,0.0,0.0,0.0
5.35271110534668,0.6372774600982662,0.41001143455505346,0.0,0.0,0.0,1.0,0.1266055195171643
0.6043235778808589,6.214545249938965,0.38113093078136423,0.0,0.0,0.0,-1.0,-0.04408546051541226
0.691792206764221,2.0582246088981626,0.08998331129550934,0.0,0.0,0.0,-1.0,-0.05261400435701851
1.3120782186090945,3.586054241359234,3.571867918670178,0.0,0.0,0.0,1.0,0.024191108009536742
0.5897310398519026,18.337550363540654,0.8327178972959516,0.0,0.0,0.0,0.0,0.0
2.082629866898059,31.212321639060974,0.7050477340817451,1.1544716656208036,8.122636198997498,0.7228916808962814,0.0,0.0
0.040654202699661225,1.0599900937080382,0.05935575112700461,1.5474938750267029,1.3230266869068144,0.1294794268906116,0.0,0.0
0.1668990142643445,8.23118555545807,0.6019157320261002,0.0,0.0,0.0,0.0,0.0
0.02203717570751903,1.1919378566741945,0.12602493017911903,0.0,0.0,0.0,0.0,0.0
30.564430389404297,3.5481495791673656,1.1674193742871266,1.1365336617454864,7.6447311490774155,31.218735575675964,-1.0,-0.03837641700693367
0.6908902966976166,7.412666387557983,1.2564433157443997,0.0,0.0,0.0,0.0,0.0
23.05223618745804,2.420499823987484,0.32726482953876224,0.0,0.0,0.0,-1.0,-0.020833280903320338
0.3588951022177935,14.01233185529709,19.46877250671387,0.0794047471135854,2.744615435600281,0.1759797334671018,0.0,0.0
0.17310287624597542,1.1245868110656738,0.04231024280190455,0.0,0.0,0.0,1.0,0.02278043695730376
0.9334550334513156,27.31443137168884,4.512112008333206,0.3738299198448645,13.72651755809784,0.8996519073843945,1.0,0.020126930106734258
0.490633796453476,0.7846394562721253,0.04472681120038032,0.0,0.0,0.0,0.0,0.0
0.1819035546854132,12.519421291351318,3.4986757725477204,0.0,0.0,0.0,0.0,0.0
2.6835463041067116,9.581660323143005,0.8947941571474066,0.0,0.0,0.0,0.0,0.0
0.10087781220674515,0.07277107045054435,0.96635115981102,0.0,0.0,0.0,1.0,0.020924243226680184
20.421613883972167,0.3609043765068044,0.33748343110084417,0.0,0.0,0.0,0.0,0.0
2.703478474617004,9.347423486709596,1.3890983220934867,0.0,0.0,0.0,0.0,0.0
3.9479278087615968,1.5041495674848557,0.28792273066937873,0.0,0.0,0.0,0.0,0.0
1.3694489097595215,0.5766389572620384,13.093912525177002,0.0,0.0,0.0,1.0,0.10683348487762429
25.71022969059646,3.0658347335457794,3.083937033414838,0.0,0.0,0.0,0.0,0.0
1.4616518355905985,21.147099202871324,6.44124809578061,0.0430645011365412,0.054497592151165,1.902437686920166,1.0,0.05941022962044434
0.3172779023647308,0.7782372093200683,0.06448484942317007,0.0,0.0,0.0,-1.0,-0.020373710630147056
0.7791423263400786,14.305277355909345,0.4555809256061899,0.1568061076104639,2.724957704544067,0.11823628842830639,0.0,0.0
17.30065625190735,2.3842573904991142,0.33508591011166466,2.6344804037362337,9.531756490468979,3.8337633311748505,0.0,0.0
6.291762432456016,14.009478621482849,0.6287584002688514,0.0,0.0,0.0,-1.0,-0.07036109578726531
3.941368281841278,24.72000130534172,2.87863158777356,17.198102489113808,26.273075819015503,1.5288228951394527,0.0,0.0
0.11918639210052769,7.775250590443612,0.7955630255490539,0.0,0.0,0.0,1.0,0.0243298507637994
4.317766563892364,4.958242971897125,1.6439904642105094,0.0,0.0,0.0,0.0,0.0
0.0342494702339171,0.42598740041255945,1.5497630095481874,0.0,0.0,0.0,0.0,0.0
15.886113357543948,1.4690690159797661,0.24481728225946292,0.6910499706864346,20.249825179576874,2.0591250211000443,0.0,0.0
18.005454025268556,1.6824569320678695,0.4720898687839508,4.633125975728034,14.893553018569946,16.47332203388214,-1.0,-0.06937958490545391
3.2322896838188173,2.290381393432617,0.2173289441317315,0.0,0.0,0.0,0.0,0.0
0.7201270763576029,16.497865447998045,0.422008132785557,0.0,0.0,0.0,0.0,0.0
1.9423284924030304,2.0528874668478965,0.1347841022908687,0.0,0.0,0.0,0.0,0.0
0.5420588616281743,9.665050849914552,2.2528904277086257,0.0,0.0,0.0,0.0,0.0
3.9512622475624086,0.3036465092748401,0.435091103389859,0.0,0.0,0.0,0.0,0.0
0.13843512162566174,1.2652920484542847,0.0962727963924408,0.026206923648715,0.5401442050933838,1.433648943901062,1.0,0.023328960176645635
0.9353810365498064,4.336791084408761,2.3178275397419927,0.0919638946652412,3.8103818893432617,0.0976542532444,1.0,0.026013784279010525
0.05202177878469197,0.7325793859362603,2.9953988564014438,0.0,0.0,0.0,-1.0,-0.0499999863760812
0.16465506926178913,6.933007478713989,1.3023373425006866,1.127711880952119,14.152522802352905,2.719765305519103,0.0,0.0
0.23579955942928774,3.2757289981842046,0.508471457362175,0.0920770280063148,4.785860538482666,1.1220621764659877,0.0,0.0
0.39111462906002925,20.591974139213562,4.216912311315537,0.0,0.0,0.0,1.0,0.0666308148810061
21.200334559679032,1.8923188005387783,0.9373479825630773,0.7166420221328732,11.286243617534637,0.9971147477626789,0.0,0.0
0.22763073965907013,9.708041328191758,2.3643283903598777,0.0,0.0,0.0,0.0,0.0
1.077141308784485,0.09213455915451049,0.030724047124385763,0.0,0.0,0.0,0.0,0.0
6.948563645482063,2.3964159823954096,0.9250193008780472,0.0,0.0,0.0,0.0,0.0
0.038531812839210006,2.5870492458343506,0.3744189664721487,0.0,0.0,0.0,-1.0,-0.022837475939632507
0.030656144320964696,1.17182697057724,0.057516847550868895,0.0,0.0,0.0,-1.0,-0.035840797985672315
0.03753175176680077,1.6883332014083863,0.07413504347205163,0.050586339086294105,0.1362405158579349,2.8131730556488037,1.0,0.02223819432914038
14.297389062643052,11.558148516416548,4.404463773667811,0.1864113956689834,1.7607876062393188,0.0528009347617626,1.0,0.12304013136320895
43.05023674070835,2.439580647312101,0.6201802930422105,4.455605410039422,15.26578538119793,12.27860989049077,-1.0,-0.023978725779340772
0.2174614369869231,2.592232346534729,0.1903063505887983,0.0,0.0,0.0,1.0,0.03142347864826252
0.42370124325156205,1.6225355887413024,0.08376318387687197,0.0,0.0,0.0,1.0,0.0504142264642659
33.75098651647568,2.3657984170317645,0.4232155429199335,9.802078679203987,7.786406621336935,0.41151551716029483,0.0,0.0
0.06034674599766716,2.931643958091736,0.32800923407077787,0.0,0.0,0.0,0.0,0.0
3.5712366938590936,9.401893997192381,60.62686958312989,0.08401759900152661,3.367482006549835,3.5485005378723145,1.0,0.03977403059424793
0.01358283776789895,0.25977902859449387,1.2266380190849304,0.0,0.0,0.0,0.0,0.0
0.1518006362020968,1.2862546741962433,0.06194478459656236,0.9930903315544128,0.9248868823051452,0.0820227935910224,0.0,0.0
0.015521192550659164,1.0308988809585573,0.1535799622535705,1.8928948640823364,0.0843924060463904,0.0227127224206924,0.0,0.0
0.14809289574623072,5.050449385643006,0.32145765691995576,0.0,0.0,0.0,-1.0,-0.04723824647804639
1.3148110806941984,1.615041196346283,0.0701476000249383,0.0,0.0,0.0,0.0,0.0
0.2823427001014349,6.679254081845283,0.6884030755609273,0.0,0.0,0.0,1.0,0.04447002757623625
0.19912298083305358,1.1425381445884704,0.1383388414978981,0.23292392492294312,2.6271477341651917,0.1399282515048978,0.0,0.0
0.29700542159378474,13.832652122974398,0.8803421199321745,0.9466440323740236,7.966825842857361,2.0865295752882957,0.0,0.0
17.201181650161743,0.45523989945649995,2.3435774445533744,0.0,0.0,0.0,0.0,0.0
0.3663441467285155,1.4417926025390624,0.11186307191848742,0.0,0.0,0.0,0.0,0.0
0.6263173609971996,11.24205981373787,0.6716222179681053,0.9433880392462004,28.798996925354007,1.2576152086257928,0.0,0.0
3.050507426261902,1.3449483811855314,0.10454428475350111,0.0,0.0,0.0,0.0,0.0
0.44689837886020495,23.777685198187825,1.5854156056791526,0.0,0.0,0.0,0.0,0.0
2.503719091415405,9.48307590186596,0.7632046742364761,0.0,0.0,0.0,0.0,0.0
0.2812731005251402,7.261479389667512,0.6572473570704457,0.31907750107347876,10.424617886543274,2.2563053369522095,-1.0,-0.021164021164021163
1.2657754027843477,0.053397662565112025,0.020826945882290553,5.670668721199036,0.1920935437083242,0.1372376605868336,-1.0,-0.021487569677599863
0.7853104524314404,5.308419352769851,0.20627003051340523,0.0,0.0,0.0,0.0,0.0
9.04462934464216,31.528236642479897,1.257135259509085,1.50429032370448,22.313315629959106,2.1823928542435156,-1.0,-0.023423424067410967
3.943181780427692,39.01292098283768,1.223895014859734,0.0,0.0,0.0,-1.0,-0.03316754214651205
21.39345578938722,122.46771646499633,6.798827745616432,5.52220556885004,7.8782400488853455,0.5995548591017718,-1.0,-0.03919442494710287
0.07647306397557259,3.035620903968811,0.5379063040018082,0.0693445950746536,1.7672289609909058,0.1634265780448912,0.0,0.0
1.2168688678741455,0.10320076569914807,0.019930380154401017,1.7878489196300504,2.828417718410492,0.38373339921235994,0.0,0.0
0.09066013053059567,2.3406743502616885,0.08866564124822611,0.0,0.0,0.0,1.0,0.034008686907931775
0.03381593713536857,1.9465994203090666,0.149584678262472,0.3295132443308829,2.399126172065735,0.2713605612516402,0.0,0.0
123.81156008601191,3.067112119384098,1.9013255158252942,0.48648402094841,1.3762739896774292,0.1372419893741606,-1.0,-0.042238025746380074
0.058658047914504956,1.775558967590332,0.0857830166816711,0.0,0.0,0.0,-1.0,-0.0398994929832115
5.59115462064743,0.2735872919484968,1.0652578550577156,0.0,0.0,0.0,0.0,0.0
0.021522498428821465,1.781222734451294,0.3572547590732574,0.0,0.0,0.0,-1.0,-0.02191778769850688
1.8792678117752075,0.0916103422641754,0.029121758416295,0.0,0.0,0.0,0.0,0.0
10.388030120730393,114.28142339229584,5.050540688037861,0.0,0.0,0.0,-1.0,-0.05974764155719199
0.7512288987636566,0.6977771669626236,0.05099382810294614,0.0,0.0,0.0,0.0,0.0
0.16431472823023785,1.2606984078884125,0.07498698681592936,0.0,0.0,0.0,1.0,0.027026979836565004
0.22525906853377747,12.73551659345627,1.7992242005467407,5.629952698945998,10.88030880689621,0.48973915912210914,0.0,0.0
0.042676501758396476,0.947811685800552,4.689511756896972,0.3940339349210258,6.769423484802246,0.8365424424409864,1.0,0.04278963134602633
0.30328692197799667,8.43321038246155,0.38350228786468465,0.41300952900200977,17.895877689123154,5.691112115979195,0.0,0.0
0.0811569571495056,4.51135654449463,0.20748665928840626,0.0554650723934172,1.8311017751693728,0.113433189690113,0.0,0.0
0.06316601410508145,2.4409263610839846,0.29590772390365594,0.0,0.0,0.0,0.0,0.0
0.16148498773574782,6.243394632339479,0.15512034326791763,0.0,0.0,0.0,0.0,0.0
1.8112826585769655,0.9514382243156432,4.437279224395752,0.0,0.0,0.0,1.0,0.02361255301024271
4.175596132278442,1.6893492436408994,0.615054865479469,8.726856946945189,23.20692065358162,1.066221684217452,1.0,0.03034480494296344
0.4093505134433496,20.202053687572477,0.8485973179340357,0.0,0.0,0.0,-1.0,-0.036755036141500705
0.19954785704612732,2.338386833667755,0.4620653986930845,0.0,0.0,0.0,0.0,0.0
0.0994412004947661,2.672503709793091,0.22805488854646677,0.0,0.0,0.0,1.0,0.02033103720871454
1.714016854763031,1.0482025444507599,0.23778055608272547,0.0,0.0,0.0,-1.0,-0.039608807915469044
8.442620587348939,0.5941789180040352,0.16320010051131187,0.2232332713901995,4.504760801792145,0.2720059268176555,-1.0,-0.020983934684455148
8.283861309289932,8.477786719799042,1.038353429734706,0.0,0.0,0.0,0.0,0.0
0.10666816681623408,6.642216825485231,0.4511145114898676,0.0,0.0,0.0,1.0,0.029906539298636594
1.1052520664408774,45.996452659368515,2.948293969035145,0.1389980912208556,1.7855825424194336,0.0754192322492598,1.0,0.02909409792165723
0.3973012113571166,1.8675525856018065,0.055146181434392906,0.0,0.0,0.0,-1.0,-0.03990543878556891
0.10632357085123602,5.655231403112412,0.8084447935223579,0.5011590868234632,2.399811565876007,0.09902929142117489,0.0,0.0
0.027822294235229438,1.168967547416687,0.04321014910936352,0.0,0.0,0.0,0.0,0.0
1.2403892169147694,37.00424090743065,5.745368892401457,3.576571703888472,72.95439666509628,16.469030179083344,1.0,0.02825454841583874
5.427337785214185,23.92700303733349,1.3556588342413303,0.0,0.0,0.0,-1.0,-0.03878024770749908
0.7020198929309844,1.7618096685409548,0.21617047846317292,5.23088014125824,0.5418864190578456,0.2272339537739748,-1.0,-0.020876905252704595
0.06569676753133533,3.5384225606918345,0.2958806790411471,0.2384678870439528,7.346722602844238,0.4148100316524504,1.0,0.061054043858679095
2.6358336210250854,2.1849462389945984,0.179219916462898,0.0986276865005492,1.7529351711273193,0.148437052965164,0.0,0.0
0.03064784176647651,1.5766031116247177,0.5227490307390689,0.0,0.0,0.0,0.0,0.0
0.33622925579547835,8.04215021133423,0.4216207951307291,0.0,0.0,0.0,0.0,0.0
1.3363324797525977,29.420371756553653,1.4332963632792204,0.0,0.0,0.0,0.0,0.0
0.45547532569616744,28.973456418514253,4.771066886186597,0.6578928530216211,8.877000272274017,1.4651070088148113,0.0,0.0
0.020965602099895363,1.1422354888916018,0.09679900288581848,0.0,0.0,0.0,0.0,0.0
0.4096114933490751,0.3631111085414886,2.227277398109436,0.0,0.0,0.0,0.0,0.0
14.71792380809784,0.5039320528507218,0.17814386654645198,0.0,0.0,0.0,0.0,0.0
0.4698735326528547,2.3512335419654846,0.178892958909273,0.0,0.0,0.0,0.0,0.0
0.0363585166633128,1.8698021173477173,0.09383936971426,0.0,0.0,0.0,1.0,0.04865294555387189
7.71932772874832,34.2964204788208,1.104249864816664,0.0,0.0,0.0,0.0,0.0
6.799864578247071,2.018102484941482,0.38203221708536067,1.8224733024835584,6.626011222600937,1.5515152439475055,0.0,0.0
0.012234653979539826,1.0442483997344973,0.06351694107055664,0.0,0.0,0.0,0.0,0.0
1.9262887912988664,0.16765415400266648,0.3360570184886454,0.0,0.0,0.0,0.0,0.0
2.6816879510879517,0.26451791077852227,0.0537940375506876,4.296970812603831,8.611277788877487,1.0917515605688088,0.0,0.0
55.4837007701397,38.965525683760646,7.2507712729275156,0.0,0.0,0.0,0.0,0.0
5.782329019904132,151.68996920585633,17.12770177423954,10.714047790504992,18.752112060785294,1.5338403582572921,1.0,0.05448965845494943
0.11913885647430995,8.437453532218932,0.9034073734283441,0.0,0.0,0.0,0.0,0.0
1.8492293631657946,71.34954999089241,2.9412253260612484,0.0,0.0,0.0,-1.0,-0.022526512483698236
115.99354672908783,49.49821219980716,7.168228850141163,7.35035228729248,0.5565503239631648,0.0930980965495104,0.0,0.0
79.7103005886078,2.2683520525693854,1.6213507845997805,49.63473170995713,4.146955050528048,1.218313341960308,-1.0,-0.04887462896146997
0.8245734047144619,34.99602484703064,1.579399728029965,0.5721257179975503,7.900099277496338,4.527775406837463,0.0,0.0
0.26462803781032557,1.0338638126850128,0.20150823891162867,1.184027373790741,1.6705069541931152,0.1454654708504676,0.0,0.0
63.77488240599632,2.142782332375642,1.582333375699818,0.2700656503438942,12.315501809120178,1.4144326448440545,0.0,0.0
2.16347387433052,4.282727819681168,1.2537979617714883,0.0,0.0,0.0,0.0,0.0
73.04614147424698,15.902891921102999,9.840964396521441,0.4465811513364297,22.080332934856415,8.473084870725868,-1.0,-0.027686639588189985
1.634091428294777,42.78336528539658,1.4825429443269957,1.1270070262253276,27.807918861508366,5.065073631703852,-1.0,-0.09464680315436713
0.3762198042869567,2.6350870990753177,0.30869314610958076,0.0,0.0,0.0,0.0,0.0
0.601397953927517,2.73223626613617,0.16636571474373343,0.0,0.0,0.0,-1.0,-0.03349297904799508
1.2102044677734376,0.03986805774271484,0.00992755193263281,0.0,0.0,0.0,0.0,0.0
12.661652348637574,166.03130677700042,74.06702957510946,10.020880278199911,12.177757859230042,0.8013628963381043,1.0,0.07707077748090405
0.4237500777468064,23.10396126806736,2.022288939729333,0.06893020123243321,2.2296447157859802,0.7014250606298444,0.0,0.0
2.7068623378872814,64.99958665966989,3.393552061915392,25.601643590256568,77.213329449296,17.18502597510814,0.0,0.0
15.43479154765606,4.039098649173974,0.5361091695539648,0.28419825434684726,4.201597809791565,0.5142038650810716,0.0,0.0
0.09857386350631682,2.916160583496094,1.7852654457092287,0.0,0.0,0.0,1.0,0.02185247461342471
0.2614210057631127,11.82837263703346,0.6902063810080281,0.0,0.0,0.0,0.0,0.0
9.573330159187309,81.40631246566772,5.980360625982282,0.0,0.0,0.0,0.0,0.0
0.23130270838737477,3.942590017318725,4.466107692718506,15.18039095774293,9.331863343715666,1.4877452030777927,1.0,0.10257531196514522
0.09432937502860993,5.565019607543945,0.7406507968902586,0.0,0.0,0.0,1.0,0.027299350992102824
3.8456986404955367,66.1616211104393,3.0726797045767293,0.0,0.0,0.0,-1.0,-0.03915388636106773
4.045126600563522,60.94563345909119,3.409237137436865,0.0,0.0,0.0,0.0,0.0
4.6057163834571835,2.206975620985031,0.4873084306716913,0.0,0.0,0.0,0.0,0.0
55.61796009540558,14.710444826632738,1.92159655829891,0.0,0.0,0.0,0.0,0.0
0.2919239386916157,7.933123362064361,0.37495298758149137,0.0,0.0,0.0,1.0,0.03181673529399628
1.2051713206618995,26.083661538362502,10.781167424619198,0.0783326029777526,1.5054112672805786,0.4162560701370238,0.0,0.0
0.03692294880747786,1.090070331096649,0.033006774112582196,0.7862512171268463,1.9559412002563477,0.25780767202377297,1.0,0.037106461603337644
0.02501276113092897,0.9897165441513062,0.24527065247297286,0.1354878209531305,4.014784395694733,0.8497276157140731,0.0,0.0
0.022413289546966444,1.0462484121322633,0.13133825361728665,0.043026091530918895,0.8374463617801664,2.1195276975631714,0.0,0.0
4.542211490683243,153.27852555155755,15.159270368367428,0.0,0.0,0.0,-1.0,-0.0609970023126336
9.991638382896774,84.22144483029844,15.036911088973282,0.0,0.0,0.0,0.0,0.0
6.344227886199952,2.126440012454986,0.3293317735195154,0.0,0.0,0.0,-1.0,-0.02286528741986018
0.013874120581895017,1.1320348691940307,0.19409107387065885,0.0,0.0,0.0,0.0,0.0
2.0465531945228577,0.5696556866168976,0.3837912976741791,0.0,0.0,0.0,-1.0,-0.029901623335040983
0.056675402261316545,3.5434073925018312,0.29991725608706477,0.0,0.0,0.0,-1.0,-0.08357781893967767
0.20427115447819214,4.819157263040543,0.19657195195555682,0.0,0.0,0.0,0.0,0.0
7.001483094692229,21.635005855560305,2.1635119676589962,0.0,0.0,0.0,1.0,0.05764703189625459
0.2687695276737213,6.1060946273803705,0.3451358449459072,0.0,0.0,0.0,0.0,0.0
0.0236891275271772,1.1893492341041565,0.2869615852832793,0.0,0.0,0.0,0.0,0.0
0.3404509145766495,2.6884468644857407,0.22110214829444885,0.0,0.0,0.0,-1.0,-0.04316500782565236
8.355951153486961,126.18005790710451,6.064000891149038,15.275152683258057,13.320509910583496,3.404336631298064,0.0,0.0
8.402691650390626,3.8912815093994144,0.5060275554656973,0.0420966250821948,2.11504590511322,0.8428574502468107,-1.0,-0.03301487290862908
0.6713836040720336,7.416909826397896,1.1217065446078776,0.0,0.0,0.0,1.0,0.06085391604836752
0.479881852865219,1.4141063690185547,0.106011614203453,0.0,0.0,0.0,-1.0,-0.020967741935483872
0.06802217289805393,2.59473729133606,0.13724058270454392,0.0,0.0,0.0,-1.0,-0.03257735514051969
1.3122562766075128,0.29686018824577265,7.390883266925812,0.0,0.0,0.0,-1.0,-0.05191398987734958
0.15590250883251344,9.267744648456576,0.776353441178798,5.252679824829102,8.574597269296646,1.1727233715355392,-1.0,-0.02389081887200022
6.43241251260042,6.978800976276396,2.7387862704694257,0.0,0.0,0.0,-1.0,-0.024431818962200272
1.6436494839191433,6.2068544554710385,0.9094959300756447,0.0,0.0,0.0,1.0,0.03740656767539146
4.472248554229736,0.127668734639883,0.400082729756832,0.0,0.0,0.0,-1.0,-0.022266232418103216
10.097447556257247,18.363437263667585,17.189113819599154,0.0,0.0,0.0,0.0,0.0
3.72018039226532,0.774266272783279,0.5055529624223705,0.0580809824168682,1.3227216005325317,0.619197428226471,1.0,0.042086748838415886
0.05765243768692009,2.2176645755767828,0.12468309402465817,0.0,0.0,0.0,0.0,0.0
1.234907248020172,0.5244325375556944,0.1006603599339723,0.0,0.0,0.0,1.0,0.03293410531284306
1.9016730785369873,0.0781653821468352,0.020161610096693,0.0,0.0,0.0,0.0,0.0
0.5369520306587219,3.61764617562294,0.145401857793331,0.0,0.0,0.0,0.0,0.0
1.336350691877305,3.559624619409435,76.80401875376701,13.488624029792843,2.1659011170268054,7.345474606379867,1.0,0.03616405702069531
2.60038109757006,36.75009411156178,1.9595226363837694,0.0,0.0,0.0,-1.0,-0.03185770376016284
0.05702869880944455,4.759948229789734,0.5030232745409009,0.0,0.0,0.0,-1.0,-0.06515738627315674
2.0815296632051465,3.4129719525575637,0.17549836311489345,0.8287602812051773,3.9132702946662903,0.25796956568956353,-1.0,-0.023224130251054742
90.63684946537016,2.5937034486234123,0.9294476121664029,0.0,0.0,0.0,1.0,0.06775562609668122
16.023442590236662,9.376876755952836,0.6396794412285083,5.6772528626024705,35.79501712322235,1.5277319177985174,1.0,0.0804289267995357
0.43876865386962854,12.39632137298584,0.6049099731445304,0.041206508874893,1.771484375,0.1873092502355574,1.0,0.029726343285883562
1.5709808573126782,19.38888389825821,0.9101358962059014,0.4701432874426236,24.402999937534332,5.126859147101639,1.0,0.022162044298228836
9.527073801755904,3.402015343308448,0.9309093059599391,1.251506879925726,27.83723473548889,0.911257825791834,1.0,0.05566199151986371
4.1364478431641984,64.15041298866271,4.813140257447953,6.634080033749341,40.80973845720291,4.556182492524383,1.0,0.0222221319980674
0.4943630312383175,1.4072837948799135,0.10835315890610213,0.0,0.0,0.0,0.0,0.0
0.5382660627365113,0.6347949028015137,0.026939079165458645,0.0,0.0,0.0,1.0,0.038457032464284266
1.5099627077579498,2.8956396281719208,0.0943977814167735,0.0,0.0,0.0,0.0,0.0
0.17909773308783744,3.0699644118547442,0.10093778017908321,0.0,0.0,0.0,0.0,0.0
0.02520509336143728,1.2009389913082122,0.11385591283440583,0.0,0.0,0.0,-1.0,-0.06421050940854357
0.14084703929722273,3.998218156099319,0.12093462210148558,0.0,0.0,0.0,-1.0,-0.020148721171748298
0.044609164595603934,1.8264891958236695,0.2889017200469971,0.0,0.0,0.0,1.0,0.04478325604133831
0.6322330943308759,2.775872304961083,20.661894286870957,0.0,0.0,0.0,1.0,0.13587715716118
8.182958450317377,5.313886642456047,94.02315490722656,0.0,0.0,0.0,0.0,0.0
0.16869356811046587,3.0720562934875484,0.11925018846988666,0.0,0.0,0.0,1.0,0.06472631370498735
18.545162672996522,0.7473769792914384,2.547459778189658,0.0,0.0,0.0,0.0,0.0
0.022788942418992424,1.0368776500225068,0.0403333727270364,0.077478440478444,5.002338290214539,0.9201831370592116,1.0,0.02789924215572998
0.19783783704042435,1.246294766664505,0.05586746893823145,1.2788186818361282,3.4783183932304382,0.24286277964711167,0.0,0.0
2.942706836611031,14.41066536128521,0.35662691144272624,0.0,0.0,0.0,0.0,0.0
0.19809599872678493,2.7056185454130173,0.34628537110984314,0.8005469441413876,1.5770485401153564,1.62240469455719,0.0,0.0
1.0122627425193784,5.325143768191338,0.23259358718991227,0.3752786368131636,11.286488056182861,0.3382336422801012,-1.0,-0.02352470395997456
1.3871394909918309,7.332357463240624,0.7705033285915844,0.0,0.0,0.0,0.0,0.0
0.0256444355472921,1.379980355501175,0.09437521174550054,0.0,0.0,0.0,1.0,0.038299264058091365
0.05154272537678448,3.041271808147431,0.22718542009592055,0.0,0.0,0.0,0.0,0.0
1.4123749208450318,0.13561448782682411,0.04201056763529765,0.0,0.0,0.0,0.0,0.0
0.01405876636505124,1.0083296370506287,0.23761163413524625,0.0,0.0,0.0,0.0,0.0
0.14910964060574752,5.387299554347991,0.20359109371900536,0.0,0.0,0.0,0.0,0.0
2.596565043926239,1.216305935382843,0.08712892625480863,0.0,0.0,0.0,1.0,0.0774100293651658
1.79433172121644,6.198490233421325,0.1971787623502313,0.0,0.0,0.0,0.0,0.0
0.9682759013772012,3.0447747194767003,0.12694948710501158,0.0,0.0,0.0,0.0,0.0
0.14185221865773198,4.695117771625519,0.16302989795804,0.0,0.0,0.0,0.0,0.0
0.8059855758305569,56.28162374138832,27.442391548752784,0.0,0.0,0.0,0.0,0.0
0.3026107773184776,1.1551633179187775,0.04222593549638985,0.0,0.0,0.0,0.0,0.0
0.05889131873846041,2.2365610599517827,0.10454775989055626,0.0,0.0,0.0,-1.0,-0.021284414359305292
59.46820907711983,6.067656460404394,1.804137096516783,0.0,0.0,0.0,0.0,0.0
8.99412003993988,6.466703544259071,0.9191770870238528,0.0,0.0,0.0,-1.0,-0.030494211868922833
57.265370762944215,4.08645378783345,1.4381733440235216,1.8900124020874496,16.436005622148514,2.673981875181198,-1.0,-0.020320911904364115
0.1102054542303085,1.177998505830765,0.05179613478481766,0.0,0.0,0.0,0.0,0.0
0.5064176581799984,4.612892210483551,0.13068990642204842,0.2363199740648268,3.1427340507507324,0.6209456324577332,0.0,0.0
1.4792025983333585,1.3881728947162628,0.1326246522366999,0.0,0.0,0.0,-1.0,-0.043750006208816916
0.0818205177783966,1.8465577363967896,0.0716218426823616,0.0,0.0,0.0,0.0,0.0
4.6493014013767215,15.89901639461517,42.011681737899785,0.021892488002777,0.1968895643949508,1.7812180519104004,1.0,0.023785249983078408
0.0418516397476196,1.6994297504425049,0.258718580007553,0.0,0.0,0.0,0.0,0.0
0.5565448701381682,0.757994145154953,0.18546104058623308,2.151409685611725,0.7830366790294647,0.06555374152958371,-1.0,-0.08397565031434757
0.06723231822252265,2.2704166889190676,0.06235089451074601,0.0,0.0,0.0,1.0,0.03873412397564106
0.1034910086542366,3.0891368174552922,0.12737209349870668,0.0,0.0,0.0,0.0,0.0
0.28899978578090657,2.520439636707306,0.510560478568077,0.0,0.0,0.0,0.0,0.0
0.4513605747371903,10.21509652376175,0.5135429431498041,0.0,0.0,0.0,0.0,0.0
0.983884391784668,1.1166825771331788,0.0594331035017966,0.0,0.0,0.0,1.0,0.036415072557902335
3.0119720029830934,4.550247542262078,1.5677808628976344,0.0,0.0,0.0,0.0,0.0
0.11931424587965009,2.7284790873527527,0.1522067226469515,0.0,0.0,0.0,0.0,0.0
0.0321357510983942,1.8263853788375857,0.1414787918329238,0.0,0.0,0.0,0.0,0.0
0.08096859976649276,2.9416274577379222,0.22740413621068,0.0,0.0,0.0,-1.0,-0.04603913753823073
1.9403476844541674,96.79461113512517,5.815040596202015,0.7015580758452408,17.18735933303833,1.111082755029201,0.0,0.0
182.0918804740906,88.27921095371246,6.288931246250858,0.2156621664762488,2.7647618353366843,11.019575476646423,1.0,0.04297385282470468
1.169421002268791,2.0714068412780757,1.7591722309589386,0.0,0.0,0.0,0.0,0.0
0.9051272571086884,0.518918216228485,0.07595450431108469,0.1260255910456179,2.524450421333313,0.3495240435004233,-1.0,-0.029532817160803873
1.1490035588107947,47.26912980973721,17.611869706213476,0.11341495905071411,3.988719329237938,8.897865951061249,0.0,0.0
1.3168061977252292,75.25531041026116,19.127884639799596,8.044776812195776,21.883119374513626,24.072102323174477,0.0,0.0
0.02289267769083375,0.38479524850845326,1.0923121869564056,0.0,0.0,0.0,0.0,0.0
1.6266907063499088,16.755636334419247,89.9776734638214,3.9533760435879226,1.796454027295112,7.250169724225998,0.0,0.0
0.0306181330233812,1.602776050567627,0.3666058182716368,0.0,0.0,0.0,0.0,0.0
0.1111324690282344,2.807786643505097,0.0810810048133134,0.0885788016021246,4.7435091733932495,1.1679122149944305,0.0,0.0
1.9385146737098635,141.8626533794403,9.318835369348518,1.617681174539024,58.410292625427246,9.972024932503698,0.0,0.0
0.9690566048026021,67.00473632812499,13.626205015182494,0.189681146293878,6.1302101612091064,3.680108487606048,1.0,0.08436403051491577
59.57533249072723,1309.9414099395274,56.383199138939304,0.07448185980319949,2.775007545948029,0.1505105830729005,0.0,0.0
133.97547534525393,3.4753649172559364,1.2591616752464225,0.6128774732351292,10.770515441894531,0.6166072189807884,1.0,0.04518431882705087
0.14047453779727181,0.1532741002365941,5.646251184940338,0.0,0.0,0.0,0.0,0.0
0.07228049980476495,3.036336451768875,0.24138324186205837,0.0,0.0,0.0,0.0,0.0
0.143034854829311,5.874572167396545,0.4623930984735484,0.0,0.0,0.0,0.0,0.0
60.59314945220947,82.84693782806397,4.39991079211235,0.0,0.0,0.0,-1.0,-0.05630630558065931
0.6635475771129127,4.810469312667847,0.2659828750044107,0.0,0.0,0.0,-1.0,-0.04287746437790618
0.6846957206726072,3.224083423614502,0.0912208706140516,0.0,0.0,0.0,0.0,0.0
6.675114957541217,118.8360683107376,4.618813823089002,0.0,0.0,0.0,0.0,0.0
0.0336109651252626,1.2966727316379547,0.16971629485487927,0.0,0.0,0.0,1.0,0.023020079997559378
1.317719021439552,2.7704789102077485,0.2118023086339231,0.0,0.0,0.0,0.0,0.0
0.728374591767788,3.410069770812988,0.20155573442578306,0.0,0.0,0.0,0.0,0.0
0.7661691355705259,4.214063959121704,0.2997669446468353,0.0,0.0,0.0,-1.0,-0.0201405447610078
0.0158335529267786,0.2630427181720732,1.7211238145828247,0.0,0.0,0.0,0.0,0.0
1.0471225976943965,3.260480672121048,0.19239666312932957,0.0,0.0,0.0,0.0,0.0
0.0529550313949584,2.692359209060669,0.25468571484088887,0.0,0.0,0.0,0.0,0.0
0.3886680547893043,6.06792273402214,0.4734093144536016,0.0,0.0,0.0,0.0,0.0
0.07648344039916993,2.216093873977661,0.10742263197898849,0.1057901754975316,3.7149040699005127,0.1793059706687924,0.0,0.0
0.6917888581752777,1.0122499108314515,0.09596131816506373,0.0,0.0,0.0,0.0,0.0
0.36433178186416626,0.7981890678405763,0.037479107826948126,0.0,0.0,0.0,1.0,0.022355329116283382
2.097459894418716,4.4047409176826475,0.39779954776167814,0.6808740496635436,1.2640345096588135,0.0550916008651256,1.0,0.09974192589090417
0.3608212158083915,3.7426974952220915,0.19648117683827876,0.0,0.0,0.0,1.0,0.054847375316118566
0.2369865956902504,0.2791626664996147,0.823850737810135,0.0,0.0,0.0,1.0,0.03757173891314243
2.0971412111073735,5.108506380319596,0.4543521078675981,0.0,0.0,0.0,0.0,0.0
3.3591005718335394,113.22416566312312,4.666726989671587,0.0,0.0,0.0,0.0,0.0
0.1059674620628355,2.6596652269363403,0.23436726629734017,0.0,0.0,0.0,0.0,0.0
2.5133820505812756,74.61931700706482,4.76729834899306,0.0,0.0,0.0,-1.0,-0.023176125525169004
8.226025979518877,66.57999727249144,110.47398365020751,0.0,0.0,0.0,0.0,0.0
4.655625058151777,153.4144836843014,11.079883065819738,0.0,0.0,0.0,0.0,0.0
16.434586868286132,4.364321399927138,0.5210929231345639,0.0,0.0,0.0,0.0,0.0
0.8437413865327787,49.08394988536835,10.132307833135128,0.7445290889590965,33.6188668012619,28.63660495728254,1.0,0.07986819562781901
0.01567427348345505,1.0058708488941193,0.47845490276813507,0.0,0.0,0.0,0.0,0.0
0.0232344875112174,0.4168368279933927,2.5599287152290344,0.0,0.0,0.0,1.0,0.02492214059275807
0.0359545573592186,1.8960241079330444,0.0680213719606398,0.0783664733171462,1.727442979812622,0.1941906064748764,0.0,0.0
0.0315109230577944,1.7547798156738281,0.2137093245983122,0.0,0.0,0.0,0.0,0.0
0.094955876469612,2.7901632785797115,0.1148807890713213,0.0,0.0,0.0,0.0,0.0
6.0351153165102,9.858168363571165,5.6067156791687,4.688949681818485,5.5732602179050446,0.7377901412546632,1.0,0.0345722197714083
5.491973180472847,33.071078444123266,6.166948375403878,0.8103357749059787,20.602320671081543,2.587343908846378,1.0,0.06662334965148516
6.192185007333745,84.34023081779479,254.42759895324704,0.24694763123989047,11.570152938365936,3.1828983128070822,-1.0,-0.03076918808730332
0.843688732478761,38.65131975710392,46.004997164011,0.0,0.0,0.0,0.0,0.0
0.1914424926042553,6.179660081863402,0.4288971722126002,0.1711443476378916,4.889051556587219,0.9398041963577267,-1.0,-0.047330325133806334
0.11854644343256947,3.800226831436157,0.281226646900177,0.0,0.0,0.0,0.0,0.0
0.13781694173812858,4.884145774841309,0.2580374407768249,0.0,0.0,0.0,-1.0,-0.02479021748191935
1.339015850946307,52.68442424297333,2.556562013849616,0.7579028913751226,52.64977216720581,7.59232204407453,1.0,0.03196604707303917
0.5560297885537145,9.13617547273636,0.2677941635996099,0.0,0.0,0.0,0.0,0.0
12.143559930324555,5.7858233535289765,0.3406164439022534,0.0,0.0,0.0,0.0,0.0
9.161704051494599,36.09183048248291,1.3064643386006352,0.0,0.0,0.0,-1.0,-0.04269345596910467
100.99952735066414,1.9903833259642034,1.350091752726583,28.948072544299063,17.24570044875145,12.806227087974545,0.0,0.0
3.3007345151901246,3.8348613819479946,0.3244043903797863,2.232365399599075,3.9692668728530407,3.798367663286626,0.0,0.0
0.1560893900692455,7.369113171100616,5.074797391891479,0.884694367647171,4.841841816902161,0.273463636636734,1.0,0.05096520547428605
1.3320027589797974,0.6224938631057738,0.0455033406615256,0.0,0.0,0.0,-1.0,-0.03558403131767513
0.07524150535464277,0.6694241166114808,2.0553344249725343,0.0,0.0,0.0,1.0,0.05685620405934123
2.7483304738998413,0.1865118406713006,0.0651576574891803,0.0,0.0,0.0,-1.0,-0.084801708211367
0.05220487117767321,1.7109500885009765,0.15684509754180903,0.4603565186262129,2.4283844232559204,0.1112591475248334,-1.0,-0.0902508685078994
1.4595203697681425,0.0269661834463476,0.013513502664864,0.0,0.0,0.0,0.0,0.0
1.6821758692711586,12.208263942599299,1.1195595171302557,0.13516605831682652,3.8917571306228638,0.973076969385147,1.0,0.06849311970092649
0.6659983679652214,2.9458045363426213,0.28819729909300784,0.0,0.0,0.0,-1.0,-0.031156503397751865
2.643531265258789,0.3425147294998167,0.053954141139984035,0.1185897290706632,7.308941364288329,0.5724686384201048,0.0,0.0
9.79867025380953,555.9366685330867,89.86466643586752,0.057164430618286,1.7580342292785645,0.1848014444112776,0.0,0.0
0.2948363217338913,10.269064635038376,0.6160988974571228,0.0,0.0,0.0,-1.0,-0.04659122932459127
0.38909451961517316,1.6065043926239015,0.804401171207428,0.0,0.0,0.0,0.0,0.0
1.0596466064453125,16.091051042079926,1.8493020683526993,0.0,0.0,0.0,-1.0,-0.035342490836365585
0.0575461015105245,2.600742995738983,0.341711014509201,0.0,0.0,0.0,-1.0,-0.08268556120486201
1.569234475493431,0.4861710016429423,0.0745946260169147,0.0,0.0,0.0,1.0,0.020983486702038062
1.7060846829414367,3.828948909044266,1.1249666279554367,0.0,0.0,0.0,-1.0,-0.08494515614966823
0.10400066882371896,1.8845733797550202,0.14142599903047076,0.0,0.0,0.0,0.0,0.0
0.17181724213063643,6.818874943256379,1.2893080151081087,0.0,0.0,0.0,1.0,0.1401055226481242
0.033164571691304295,0.3045073702931402,3.9623281180858605,0.2370645180344578,7.577817678451538,2.1851184368133545,0.0,0.0
2.8226250880956654,2.310654608607292,0.2567204840108748,0.1928347349166868,3.574275255203247,0.232889965176582,1.0,0.032256302439801
20.23656528711319,1.7775714567303658,0.6658616086095569,4.301498234272003,0.6072982400655745,0.0912032928317785,0.0,0.0
0.13706146717071532,1.593822784423828,0.1891157913208007,0.0,0.0,0.0,-1.0,-0.029369770979680934
0.24984514713287298,5.838907623291016,0.31124708652496325,2.6839646995067596,12.490338146686554,1.8256963938474648,-1.0,-0.12441419486942855
0.49464909732341755,5.068879008293152,0.4364719837903974,0.0,0.0,0.0,1.0,0.05019456831203519
0.5986930418014527,5.785334815979004,0.335971866846084,0.1491421982645988,4.191201567649841,1.6596563458442688,0.0,0.0
0.02041772469878194,1.1519777762889865,0.08760446146130553,0.0,0.0,0.0,1.0,0.03454620904898219
4.032813942432402,7.339859310388564,0.24732606761157463,0.0,0.0,0.0,-1.0,-0.08562047144235037
0.03525275506079194,1.2281320071220398,0.07661523781716818,0.0,0.0,0.0,1.0,0.021715373018362225
0.6918913567811246,5.962964966297149,0.27514336712658366,15.864928424358366,6.708715073764324,0.426357495598493,0.0,0.0
1.1714278757572172,1.6951711177825928,0.1334010399878025,0.0,0.0,0.0,-1.0,-0.11674003026970708
1.7593487548828124,0.1400222826004028,0.020628892779350205,0.0,0.0,0.0,1.0,0.027106247028420145
0.2750905981659887,8.664206480979919,1.4207026892900458,2.5373529195785522,0.2934300005435943,0.1692171245813367,1.0,0.025556800968896915
4.779592614769936,2.0101311126351358,0.5002760010212658,0.0,0.0,0.0,1.0,0.2929620284068434
2.1635894179344177,0.7101841717958448,0.1262264437973499,1.3282545804977417,0.6275716423988342,0.0441736988723278,1.0,0.09097802836882012
7.300381705760955,5.5110173934698095,0.6786010515317314,0.0,0.0,0.0,0.0,0.0
0.031891802307218296,1.8096639132499697,0.1684442657232284,0.0,0.0,0.0,-1.0,-0.05813953488372093
1.2498218402266454,52.216004526615144,2.3341755039989946,0.0,0.0,0.0,0.0,0.0
1.2185199916362754,11.75002311706543,0.3114570149779318,0.0,0.0,0.0,1.0,0.0219283511159177
8.056685491204265,0.43234556607902036,0.20096900746226298,0.0,0.0,0.0,1.0,0.026927459001686582
1.3878113150596612,9.469542853832245,0.3026459766179321,0.0,0.0,0.0,0.0,0.0
8.748189606070518,2.735308907479047,0.6065013062953947,0.0,0.0,0.0,-1.0,-0.047599322259658676
0.19552951562218368,15.447198504805565,1.2672721213102338,0.0,0.0,0.0,1.0,0.04966169146895954
2.164667251110077,0.45835656583309153,0.05697625793516617,0.0,0.0,0.0,0.0,0.0
0.1162697449326514,1.8102170228958128,0.0735131874680518,0.0,0.0,0.0,0.0,0.0
0.1674520522356032,6.941837310791016,0.890710532665252,0.0,0.0,0.0,1.0,0.08864691567205708
0.0831129793077702,5.440960407257081,0.4759262949228282,0.0,0.0,0.0,0.0,0.0
1.246028333902359,1.5172430276870728,0.2367284819483757,0.1418951004743576,1.7297790050506592,0.128325954079628,0.0,0.0
0.6639766788482665,1.1900303828716279,0.6659930884838104,0.0,0.0,0.0,1.0,0.020985359620054763
0.5261533132195471,8.4403288936615,3.273517656326294,0.0,0.0,0.0,0.0,0.0
0.1742860651016232,4.929805212020875,0.17590884089469874,0.0,0.0,0.0,0.0,0.0
0.0971999578177926,4.371278285980225,1.5315218567848206,0.0,0.0,0.0,-1.0,-0.06072998046875
0.03346364881843319,1.5932179641723632,0.5033184425532817,0.0,0.0,0.0,-1.0,-0.0612316306743038
4.093351278305053,25.374579362869262,1.492070512175559,0.2759671770036213,14.22951078414917,0.4945217818021761,1.0,0.026418471408977927
0.12310650646686551,2.7857474994659426,0.41114596933126424,0.0,0.0,0.0,0.0,0.0
4.290450968742371,1.0455762130022048,0.12397266570478663,0.1583969444036482,1.118760347366333,0.7228427529335022,-1.0,-0.04777072941276519
0.8097628113627431,29.02125585079193,8.80898263335228,0.0,0.0,0.0,-1.0,-0.08293199779891287
0.10083307743072499,1.7424001693725588,0.07676667451858502,0.0,0.0,0.0,0.0,0.0
0.09407541610300536,2.114459647536278,0.22146480962634083,0.0,0.0,0.0,1.0,0.02207187126769807
0.299844235181808,7.490396976470947,0.2097585648298256,0.0,0.0,0.0,1.0,0.030656964625411825
22.442827534675597,4.875212650001049,0.7319608080200827,0.0,0.0,0.0,0.0,0.0
0.4208697684109203,11.00286939740181,1.4762612186372273,0.0,0.0,0.0,-1.0,-0.043538015795620805
0.1174942821264267,6.2692218589782716,0.3332836961746212,0.0,0.0,0.0,1.0,0.020656422179290698
103.23715845227241,18.28039599776268,2.8424462440609917,0.2595277726650237,1.725111722946167,1.0153603255748749,0.0,0.0
0.5432001187652346,4.530731910467148,0.3160679506883024,0.0,0.0,0.0,0.0,0.0
0.04150830628350354,2.930119845271111,0.4783718548715114,0.0,0.0,0.0,0.0,0.0
0.020958083868026646,1.1054168701171876,0.07362498342990864,0.0,0.0,0.0,0.0,0.0
3.7213732570409768,8.885853477716447,0.5327733141928906,0.0,0.0,0.0,-1.0,-0.07106968435776985
0.028325555473566025,0.04640069380402563,1.0052738070487977,0.0,0.0,0.0,0.0,0.0
0.1397107020020485,1.593953883647919,0.06633545458316796,0.0,0.0,0.0,0.0,0.0
0.1672285571694372,1.6856233477592468,1.147148162126541,0.0,0.0,0.0,0.0,0.0
0.15360207676887488,2.75094841003418,0.1354496151208876,0.0,0.0,0.0,0.0,0.0
2.7037578374147415,0.578627774864435,0.06761451251804819,0.0,0.0,0.0,0.0,0.0
0.049027025699615395,2.5721797943115234,0.3787930458784101,0.0,0.0,0.0,0.0,0.0
0.3243923783302306,1.184920310974121,0.4906874299049376,0.0,0.0,0.0,0.0,0.0
52.80653592020269,516.5413890945912,23.992074985206088,0.0,0.0,0.0,0.0,0.0
0.943866435065865,14.806540602445603,0.7095926077663891,0.0,0.0,0.0,0.0,0.0
6.481372654438019,1.5799222737550733,0.18870514864101945,2.3905113041400874,31.394697979092598,12.21479219198227,1.0,0.08257452836337903
0.04338240623474113,2.1862895965576175,0.17032796144485465,0.0,0.0,0.0,0.0,0.0
0.24097021579742425,0.7562661409378053,0.14276367723941805,0.0914877634495494,5.42799210548401,0.4805200248956676,1.0,0.04159159023018246
0.5459314361214637,3.607321387529373,0.14674680791795217,2.7955588102340703,0.1579728350043294,0.0464682402089238,0.0,0.0
0.3857950992882246,5.768865513801575,1.2453391939401623,0.0485731735825536,1.3851325511932373,2.5662944316864014,0.0,0.0
224.5170674085617,280.92931018829347,16.893651591166837,8.835188921540968,139.6258061528206,20.539004009217017,0.0,0.0
0.07013851851224893,1.0424300909042359,0.08743136823177337,0.5722237080335615,3.677016496658325,0.7507598400115963,0.0,0.0
0.041844347119331285,1.274695444107056,1.0834601640701296,0.0,0.0,0.0,1.0,0.03333328373325203
0.6360964793711892,24.454655528068546,1.9092467352747913,0.0,0.0,0.0,-1.0,-0.03387649360055288
79.43104470491409,39.15460134088993,23.354360299408427,54.03036321699619,25.78242617100477,2.18721355870366,0.0,0.0
36.69983444452285,191.83570266723632,89.22445578575135,12.669347107410431,34.814103960990906,3.51654801890254,1.0,0.055798205009925717
8.339088592529297,0.716742128133773,0.3841701936721795,0.1868481040000914,1.5596565008163452,0.2534953355789184,-1.0,-0.08571429622580874
0.11266035541892049,1.1757973623275757,0.05154230721294876,0.0,0.0,0.0,-1.0,-0.028580705642173562
0.2843033701181408,11.819337310791015,1.0163587570190427,0.0,0.0,0.0,-1.0,-0.04922551070980767
0.1471789628267288,1.7944189310073853,0.058402184396982,0.0,0.0,0.0,0.0,0.0
1.8167434647679326,7.737027082443238,1.2262301756441587,1.8093121051788328,1.793125867843628,0.397561818361282,0.0,0.0
0.1402189522236585,1.7464265835285189,0.12335460651665915,0.0,0.0,0.0,-1.0,-0.027453062907644772
31.890954408645626,0.5495457934588166,0.3194977842271313,0.0,0.0,0.0,-1.0,-0.06361113713109715
0.2508788272738454,2.946533799171448,0.12258738592267013,0.0,0.0,0.0,-1.0,-0.0649240747368691
3.9582314193248753,0.23478407040238364,0.10698446221649612,0.0,0.0,0.0,0.0,0.0
0.9427675771713253,0.37349749863147697,13.72373411178589,0.0,0.0,0.0,0.0,0.0
0.018117046579718493,1.0874007821083067,0.05448215186595909,0.45723123848438263,6.343890607357024,0.1988779976963997,-1.0,-0.05373975852750676
18.001612108945846,183.80562119007112,6.472755062431087,0.0,0.0,0.0,-1.0,-0.15602017128341322
0.017743457295000434,1.1598586201667787,0.16239795997738835,0.0,0.0,0.0,1.0,0.12607496873440008
2.5415159404277805,0.9614994138479231,0.3969850234687327,11.31813794746995,3.8746274560689917,0.8072344250977034,1.0,0.08133376746466234
0.19530995853245237,4.958207194805145,1.6864825791120526,2.135817736387253,4.05677717924118,0.8074047602713105,0.0,0.0
189.88121424794195,3.5211088485270614,2.53767526118084,12.766140883788466,5.824959464371204,3.4089010059833518,1.0,0.07463385622858988
2.5526441037654872,6.137614667415619,0.3097409270703786,0.7430580854415892,2.6014952659606934,0.655446708202362,-1.0,-0.028262689953021034
0.7701357588171953,9.11928631067276,0.3105775885283946,0.0,0.0,0.0,0.0,0.0
0.8676144182682037,0.5969038903713226,0.03548174165189265,0.0,0.0,0.0,0.0,0.0
0.783670365810394,2.98370099067688,0.2326289564371108,0.0,0.0,0.0,0.0,0.0
0.6222996649146079,7.372127974033357,0.2855728237330914,0.0,0.0,0.0,-1.0,-0.03557310852452179
0.9707089662551881,0.13583714067935942,0.09345398247241969,0.0,0.0,0.0,1.0,0.12817520516236727
1.757502794265747,4.013744473457336,0.22875264286994879,0.0,0.0,0.0,-1.0,-0.0219746393357879
10.355121062993968,300.59978683471684,187.60508560180665,0.3161397799849498,10.594520270824432,5.089340031147002,0.0,0.0
2.3140347003936768,5.474658489227295,0.2113062441349024,0.0,0.0,0.0,1.0,0.059393345167106884
0.133304903283715,4.564310908317566,0.30238462612032846,0.0,0.0,0.0,0.0,0.0
10.738754391670227,2.007562518119812,0.2536827027797699,0.0,0.0,0.0,0.0,0.0
3.7139568198471973,235.34717209339144,87.41887139081953,22.163049185648546,208.05037641525269,75.78657022118567,1.0,0.020597928658874377
0.0737470407038925,2.76616644859314,0.1600865162909031,0.114175863564014,4.667059481143952,0.21876482293009752,0.0,0.0
0.08013228316791329,3.88996660232544,1.419901189804077,0.0,0.0,0.0,0.0,0.0
3.1261596271768197,51.293806350231165,2.1300367612391704,0.0,0.0,0.0,-1.0,-0.053996561648902534
94.568049261719,311.40313985049727,22.47881088778375,26.42101515084505,83.65503333508968,12.923948541283599,-1.0,-0.09606120523438343
24.568800888061507,491.74286865234376,282.40834533691407,12.682151239365334,96.45922601222992,5.858622223138808,1.0,0.11372486480779063
0.0169982117973268,1.0373175251483917,0.20568427830934513,0.121253682300448,2.673802673816681,2.2049438953399654,1.0,0.1027211299558886
0.05776448249816881,3.971039772033692,0.7711956739425659,0.0,0.0,0.0,0.0,0.0
37.22972778767347,646.313412694931,32.83691822931167,0.17644777894020058,8.273370802402498,0.5501810833811757,1.0,0.024649242033179104
14.815646216422298,220.35825909733774,29.63609074026344,7.112559350207443,91.77479457855225,4.1126502752304,0.0,0.0
1.3621199131011963,0.5721599459648132,0.0657200515270232,0.0,0.0,0.0,0.0,0.0
0.36704849600791933,2.184069013595581,0.24888246953487375,0.0,0.0,0.0,0.0,0.0
1.2042738904803947,42.7343070435524,5.941420645415779,0.0,0.0,0.0,0.0,0.0
4.259160107374191,1.6302347838878628,0.41060473322868335,0.1640517618507142,11.047989070415497,3.7879589945077887,-1.0,-0.020652254237216297
0.7022020170092582,1.1857292246818545,0.12206878077238781,0.0,0.0,0.0,0.0,0.0
0.07196106296032641,0.8188926056027409,6.109146833419801,0.9153419360518456,12.371024787425995,1.713633611798286,1.0,0.07447086606118386
0.15755801796913113,3.552179199457169,0.19026281163096403,0.067647453397512,2.980439066886902,1.95191353559494,0.0,0.0
70.30606927394867,69.59420897722244,8.819725627005091,0.0,0.0,0.0,0.0,0.0
0.20301673561334582,5.561266422271728,0.2357168644666668,0.0,0.0,0.0,1.0,0.0384714012676848
0.6006726951152074,33.40241985082626,26.83690666079521,2.092720057815308,56.52098429203034,3.3862955272197715,-1.0,-0.05271181357679689
0.09857110977172838,1.738443031311035,0.08298588037490842,0.0,0.0,0.0,0.0,0.0
0.16831118166446626,5.550365581512452,0.5213233065605161,0.0247577726840972,1.7039339542388916,0.2713083028793334,1.0,0.08677184466019418
1.6877097487449646,1.175738275051117,0.1365521997213363,0.0,0.0,0.0,0.0,0.0
9.216066865921013,15.55624605953693,89.067692861557,0.0,0.0,0.0,1.0,0.04576532990057406
0.23000498414039577,11.191351890563965,1.058642892837524,0.0,0.0,0.0,0.0,0.0
9.206343132611352,477.2393252277375,112.33428758472205,0.869009643793106,17.834773063659668,1.296217292547226,1.0,0.06856856757614213
0.24740674674510887,6.699175856113434,1.413417272567749,0.0,0.0,0.0,1.0,0.02700885768291909
0.16162183284759507,3.8570274353027347,0.7813508749008179,7.035961650311947,7.514477215707302,2.4495609998702994,-1.0,-0.0745372580379384
0.08859523013234112,3.226702898740769,0.18470172770321372,0.0,0.0,0.0,1.0,0.028654624064225514
0.1263936112727963,7.454241195917128,0.6093649868667126,0.0,0.0,0.0,0.0,0.0
1.540399697721004,14.758398935794832,1.1812014967203128,0.43278504163026804,7.6321375370025635,1.935077756643295,1.0,0.03729777740538708
0.11585554853081699,2.7773079872131343,0.10683638602495171,0.5618430376052856,1.3285011053085327,0.1096558645367622,0.0,0.0
1.3431778103113172,2.663927322626114,0.2928948029875752,1.727059543132782,1.1629628241062162,0.109977565705776,1.0,0.05518733820266272
3.0071956110373117,75.01572817862034,4.787077752798793,0.0,0.0,0.0,0.0,0.0
0.024618440307676653,1.3517010211944582,0.12368045747280121,0.0,0.0,0.0,0.0,0.0
65.84655476197597,338.936548216939,38.82692676745355,8.30683529004454,239.144855260849,9.54831212759017,-1.0,-0.10907320256003905
0.7177101969718932,1.1239914894104004,0.1582981795072554,0.0,0.0,0.0,-1.0,-0.04680439580563688
11.61180244922638,0.34152817517518963,1.2066697677969933,0.0,0.0,0.0,0.0,0.0
1.6154800057411194,1.2742305994033811,0.11028941720724089,0.0,0.0,0.0,1.0,0.0272327579959792
0.09828069806098924,1.9588971519470213,0.10282212585210782,0.0,0.0,0.0,-1.0,-0.06941158049881133
0.3262997791171074,5.204298734664917,0.4694016426801678,0.0,0.0,0.0,1.0,0.03850453032355255
107.71449099339542,910.2265620791912,42.26899432249366,12.41829976439476,8.633812494575977,0.9478878248482924,-1.0,-0.07244384422730864
0.08659345805644969,2.4866647243499758,0.2267418175935744,0.0,0.0,0.0,0.0,0.0
46.400813393294804,385.4808052301407,28.718398535251595,0.0,0.0,0.0,1.0,0.02887640106544066
0.2866431135684249,14.163297612667085,3.810059885978698,0.0,0.0,0.0,-1.0,-0.03144515457735405
0.045116635020822075,3.6527057933807376,0.44217789933085416,0.0,0.0,0.0,-1.0,-0.034929159091794455
358.4234853965043,413.6138354611397,20.782690956294534,0.4274023734033102,6.224987268447876,0.3476106449961656,-1.0,-0.04274043442472998
0.3297571390867231,2.1784389138221742,0.09180392771959292,0.0,0.0,0.0,-1.0,-0.02413992030624646
0.09846084083430463,6.362444148659706,0.46909479752182903,0.0,0.0,0.0,0.0,0.0
58.132251355648044,2.3239707141369563,0.5137735011614811,1.862186789512634,2.981243133544922,0.1565696485340595,0.0,0.0
0.19414902701973907,6.708536252975465,0.3773148691654204,0.0,0.0,0.0,0.0,0.0
0.7118647836148734,7.190411317348481,22.69772515296936,0.0,0.0,0.0,0.0,0.0
5.868520911335931,32.737939248085006,227.95356218338014,0.0,0.0,0.0,0.0,0.0
174.82160411953924,350.8545066404343,21.163874980062197,12.930003689602007,231.04078096151355,10.029218614101405,0.0,0.0
41.04941968169055,821.5742996966839,46.266297551020934,0.0,0.0,0.0,-1.0,-0.03737468484756821
54.04330363869667,2.8004185389727345,9.656278565526007,0.0,0.0,0.0,-1.0,-0.046653450641823614
1.576513648033142,0.0914596691727638,0.3320266306400298,0.0,0.0,0.0,0.0,0.0
0.1691397076472637,8.374895966649056,1.025964432656765,0.0,0.0,0.0,0.0,0.0
0.0854285955429076,1.714903473854065,0.1996680200099944,0.0,0.0,0.0,1.0,0.06954272603212301
66.02220894098281,1.300946334935722,0.5768449770286643,0.0,0.0,0.0,1.0,0.05187887621523226
0.06002982854843129,3.731800699234009,1.8081692218780518,0.0,0.0,0.0,0.0,0.0
0.35195827558636655,1.5803681212663652,0.07767370797693722,0.0,0.0,0.0,-1.0,-0.02243382984606434
8.518379092216492,9.051488018035888,0.8301320672035218,0.8952269107103343,5.842656254768372,0.26211686059832556,1.0,0.11968117098920744
0.02126807486638425,1.3474636673927307,0.131268236786127,0.0,0.0,0.0,1.0,0.03940500915468916
0.25668557882308946,13.222572040557862,0.9207420587539661,0.2612801790237424,14.066694259643555,1.6720248460769649,1.0,0.07047554044856892
0.11917150363326058,2.0979728078842164,0.06285583287477478,0.0,0.0,0.0,1.0,0.028936375835625774
2.1473019504547106,23.801772537231443,0.930925712585447,0.0323378602042794,1.9869858026504517,0.9806762337684629,0.0,0.0
0.6324796326085915,26.228031359910965,1.5194900118559596,0.0,0.0,0.0,1.0,0.051574932592488916
1.5745179748535156,0.3150331306457518,0.03044886231422419,0.0,0.0,0.0,1.0,0.031978037291783216
0.092263316735625,6.191602826118469,0.7161340788006783,0.0,0.0,0.0,1.0,0.036485848855760214
0.8567313551902769,2.065200090408325,0.0780685879290102,3.009288787841797,4.7779011726379395,0.2128094732761376,0.0,0.0
0.0428280495107172,3.5435612201690674,0.4136106967926024,0.0,0.0,0.0,0.0,0.0
3.046603757143021,0.7771412521600723,0.12625538799911717,0.0,0.0,0.0,0.0,0.0
0.1287968158721922,1.704424500465393,0.1667786091566084,0.0,0.0,0.0,0.0,0.0
0.5043690316379069,1.6919194936752318,6.503712058067321,0.2156605571508406,1.5121123790740967,0.2722271978855132,-1.0,-0.02346018401731055
1.0304822959005775,45.50137903690338,12.268135052919384,0.5206338763237,2.7659106254577637,0.7134553790092468,0.0,0.0
22.198998451232885,980.8082466125488,212.99275493621826,0.0,0.0,0.0,1.0,0.02168253526342126
0.05847416460514037,3.093957395553588,0.20756856501102422,0.0426908917725086,1.650457739830017,0.306851327419281,-1.0,-0.03189393245812618
1.8888081876933556,52.61349410533906,6.177692507803437,0.0342282019555568,1.60530424118042,0.3604675531387328,0.0,0.0
0.043258611857890976,1.1194517147541048,0.17728961348533623,0.0,0.0,0.0,1.0,0.036148626149747114
0.11514937698841046,4.066726856231689,2.5381241798400875,0.0,0.0,0.0,1.0,0.027967648090705916
0.20695098787546123,7.733297121524811,0.25975210443139024,0.0,0.0,0.0,0.0,0.0
9.902862809896469,27.11900191128254,1.6881332599371652,0.0,0.0,0.0,-1.0,-0.030069299389710036
312.0875493049622,8.260489332675919,5.091980760097489,0.0,0.0,0.0,1.0,0.1705588086181617
3.640657933009774,166.88316279649734,86.52618764936925,0.0,0.0,0.0,0.0,0.0
132.24294081766152,317.00695808827874,530.7501428389548,0.1085697049275036,9.486209154129028,1.4052215814590447,0.0,0.0
0.36711658734828123,11.403662503957749,0.44922065831720714,0.0,0.0,0.0,1.0,0.04339085664970422
6.4524721080064324,37.376477909088095,572.4910172653197,0.0,0.0,0.0,0.0,0.0
3.204244589805602,24.270587635040282,2.9251670956611626,1.0013865530490875,1.6496400833129883,0.3489735424518585,0.0,0.0
0.057840418070554504,2.8177115321159363,0.1244481056928633,0.0,0.0,0.0,0.0,0.0
11.91185975074768,2.727709493637084,0.4804310372471805,0.0,0.0,0.0,1.0,0.022717272952910223
352.11733153760434,29.399557396396983,40.43312049731612,0.9539799615740768,41.68649840354919,1.3595215529203397,-1.0,-0.06829266431854993
56.88500175476074,2.067009075880049,12.087987184524533,0.0,0.0,0.0,-1.0,-0.042109758572332893
0.1939034809917208,7.275677955150605,1.77041864991188,0.1975361853837964,3.679965734481811,0.1224979385733604,0.0,0.0
3.9601137161254885,2.8671001243591308,0.21278593659400916,0.0,0.0,0.0,0.0,0.0
0.0345109747722744,2.6739195585250854,0.29156941920518853,0.0,0.0,0.0,0.0,0.0
298.05836028218266,191.50330024838448,204.95833946943281,0.9271695986390114,3.6881906986236572,0.3846394345164297,-1.0,-0.04853773083089225
0.9981111288070679,0.46892479062080383,0.032964063808321946,0.0,0.0,0.0,-1.0,-0.027557969546482406
81.07435249328613,5.034385757446285,2.2112587881088217,0.0,0.0,0.0,1.0,0.045655352053852065
0.1693083383515477,9.365060814619065,1.125631264001131,0.0307565852999686,1.8036938905715945,0.1655495166778564,1.0,0.13114316312793367
240.98476439416407,80.41350464269519,15.191748517677187,0.9705713801085942,6.13346180319786,30.89596688747406,0.0,0.0
1.6700051497109132,30.142837420999996,90.4971535563469,1.0058159716427295,29.542136073112488,7.45204675197601,1.0,0.05690273337474394
0.06358854845166195,1.3805714249610899,0.055840088054537704,4.325112700462341,0.5360981076955795,0.13878914527595,-1.0,-0.04358557696026747
3.442279560239968,54.145295851081585,348.8424423789978,0.0,0.0,0.0,0.0,0.0
0.06686468586325635,1.1423988366127014,0.03073647290468213,0.0,0.0,0.0,0.0,0.0
0.3403963744640349,2.5750316977500916,0.0845718942582606,0.0,0.0,0.0,-1.0,-0.0693559334945327
2.243128446936607,6.714948198795319,0.28192368127405576,4.316261811181902,22.110135287046432,0.5736036393791423,0.0,0.0
1.4670413298904883,18.241093794107435,1.1118644553422927,0.0188385695219038,1.1222729682922363,0.8588884472846984,0.0,0.0
0.5727890682220453,12.97247543334961,0.5347348165512081,5.21321034990251,23.498320877552032,1.288470160216091,-1.0,-0.03763286557504927
0.18325293660163874,0.9527149200439454,0.06403216570615765,0.0,0.0,0.0,0.0,0.0
0.1098180189728736,1.2376013696193695,0.15258067846298207,0.0,0.0,0.0,0.0,0.0
0.0584654454141855,2.8159620165824895,0.125572420656681,0.0,0.0,0.0,0.0,0.0
87.09275974273682,40.47881592273712,3.148424091041087,2.4886102341115466,12.04029780626297,1.4710922986268993,-1.0,-0.1113277243624309
0.9906860256195069,0.11542032361030574,0.013893681019544593,1.6311989575624464,16.028709411621094,0.34009250253438783,1.0,0.08013544759134257
1.0936686004698262,1.608950734734535,28.8373818397522,0.0,0.0,0.0,1.0,0.1330253249705618
0.0634648650884625,4.420955777168274,0.5155792459845541,0.089668102562427,5.69208526611328,0.2182468995451926,1.0,0.11842107385998424
0.02612804532051072,1.4240629577636719,0.46980900764465316,0.0,0.0,0.0,1.0,0.06864580526494606
8.348835026957092,308.5779443442821,539.5931990909577,0.1351090520620346,1.709233045578003,0.1556579768657684,-1.0,-0.024526180656422116
0.047476105391979044,2.5746043205261233,0.17791945934295653,0.0,0.0,0.0,1.0,0.1135719465082371
4.545438680648802,2.439775500297542,45.094785819053655,0.0,0.0,0.0,-1.0,-0.07779573926614819
357.0364558410644,9.614231028556798,9.669322943687432,0.0980728790163992,3.660313367843628,0.2416137903928756,1.0,0.025646812070935075
0.6522168919444078,15.378256380558012,1.369527246057987,10.640613675117491,14.70995569229126,0.6494301967322805,-1.0,-0.04624282902589614
4.43514716438948,197.29669752717018,21.768159471452222,35.81867463886734,613.5735673308372,25.60775739327067,1.0,0.04791258021136728
0.8054738044738762,15.229151916503907,1.2453740215301503,0.0,0.0,0.0,0.0,0.0
0.1759395633637905,1.580019779205322,0.10404068514704688,6.266621649265289,0.4776479899883265,0.25573007389903046,0.0,0.0
49.06404632568359,1.1825198221206639,0.713436604887247,0.0,0.0,0.0,1.0,0.05686988289503942
16.78373606443396,562.2477687263489,372.32854482650754,18.83902424201368,337.49512016773224,19.665842503309243,1.0,0.06217611781636912
6.318126452062228,350.7488785207272,170.27296113967896,3.518510015681384,20.870350569486618,8.61113841831684,1.0,0.06490203316998779
0.17655886907130472,0.21847689941525456,5.3449639642238616,0.0,0.0,0.0,0.0,0.0
11.60740532800553,318.1049495458604,17.987654193118203,0.0,0.0,0.0,1.0,0.08043218276475797
29.652854577451887,502.3142648935318,187.13289660215378,8.520512785762547,11.915225148200989,0.5642620418220754,0.0,0.0
0.09038838356733289,4.240795364379883,1.9888160872459413,0.0,0.0,0.0,0.0,0.0
0.051726979203521845,3.729658305644989,0.71861482411623,0.0,0.0,0.0,-1.0,-0.11317732049382166
0.09126125633716578,0.9689035058021545,0.0998352205753326,0.6409211494028566,5.764584124088287,0.5944947302341455,-1.0,-0.09100565565346176
0.23632397264242128,14.710631990432741,1.6130445921421037,0.0,0.0,0.0,0.0,0.0
13.897468380555498,29.196250986848018,195.73626518745905,0.17017084918916178,11.35026478767395,2.479564011096953,-1.0,-0.07766245444014405
0.2237954890727997,2.3075236129760746,0.14868070825934393,0.0,0.0,0.0,0.0,0.0
0.40767978200688937,15.604083732962609,1.6582369787245979,0.0,0.0,0.0,-1.0,-0.19864720161605187
0.6623357250541447,9.116095574498177,0.45156919587403505,0.0,0.0,0.0,0.0,0.0
0.40420667886733985,2.3304746389389037,0.10531887263059606,0.0,0.0,0.0,-1.0,-0.03627404696416807
0.042924023028463106,1.545384984612465,0.12169094458222388,0.06594705581665,3.3320891857147217,0.6019635796546936,0.0,0.0
6.995345479249956,1.6172315222024913,0.40742343537509434,0.0910188183188436,3.716953277587891,0.1920278072357176,1.0,0.0743239159605243
0.04299984171986562,2.0434052300453187,0.27359479635953904,1.3045521825551951,58.19763460755348,5.497813723981377,0.0,0.0
20.38373377613721,650.5594214904309,40.07688973993063,6.076744537800547,452.17944228649145,41.743784852325895,-1.0,-0.03362061193034278
0.0522697802633047,3.173966544866562,0.47376388162374466,0.0,0.0,0.0,-1.0,-0.06778226699843194
8.479966735839845,0.29585544086992716,0.3541778913140291,0.0,0.0,0.0,-1.0,-0.028285710505447304
0.026310047060251206,1.1833008062839507,0.050389198288321405,0.0,0.0,0.0,0.0,0.0
2.3329861569404606,6.137012426853181,1.650002170205116,0.0,0.0,0.0,0.0,0.0
478.7484245324135,262.67044002950183,21.001084313839605,1.4745009765028885,71.34077572822571,3.184723153710365,0.0,0.0
1.5384639501571657,1.0688660860061647,0.19266990125179273,0.0,0.0,0.0,1.0,0.04035707863304118
0.2555155187845229,7.489506626129151,2.654977893829346,0.0,0.0,0.0,-1.0,-0.025891829234662878
4.964225901663294,20.86620321989059,127.42956859469413,0.0,0.0,0.0,1.0,0.08913373799943859
3.185570415258408,0.6971519592404364,0.2572778259962797,0.0,0.0,0.0,-1.0,-0.03188348593386783
177.76718955516807,800.6443492698669,45.908491702079694,0.4298330843448638,1.4925302267074585,0.0776366889476776,0.0,0.0
42.51364837646484,0.4886200243234594,1.1577319693565362,0.0,0.0,0.0,1.0,0.034314879667704974
2.6457080841064453,0.15452865779399863,0.5597631454467773,0.0,0.0,0.0,0.0,0.0
1.650347453169519,68.10235660672188,3.227299882248038,0.0,0.0,0.0,0.0,0.0
0.0380650125443934,1.8633314371109009,0.0986035540699958,0.0,0.0,0.0,1.0,0.032824721394512785
0.03729651607573031,1.1283606386184692,0.0743427968025207,0.0,0.0,0.0,0.0,0.0
73.67446833252907,9.060491318255664,6.565037022531026,0.0,0.0,0.0,-1.0,-0.0524088340421396
0.14892301261425017,0.6301197171211241,1.8209572315216065,0.0,0.0,0.0,0.0,0.0
0.05036107599735241,2.1078098773956304,0.24182901978492724,0.0,0.0,0.0,-1.0,-0.05419291431048209
0.5644519668817513,12.969855787754058,1.9456913226842871,0.0,0.0,0.0,-1.0,-0.0273183367742799
0.3802744928002355,2.803859145641327,0.13586613893508906,0.0,0.0,0.0,0.0,0.0
0.1199890745803712,1.8039579641819001,0.5060528978705406,0.0,0.0,0.0,-1.0,-0.055924510350442116
0.07173639446496903,4.240129623413086,2.408134489059448,0.0,0.0,0.0,1.0,0.02015073391709008
23.97275882273911,336.65953696489333,17.247687319815142,1.522405095398425,35.44577586650849,2.031822379678486,1.0,0.025267408724469954
0.030695998426526698,1.605553176999092,0.1937509097903966,0.0,0.0,0.0,-1.0,-0.13138427694353388
2.4803254675865176,3.6583495235443118,0.1813247145712372,0.0,0.0,0.0,1.0,0.05110443161403177
39.192618280649185,2.3840496707707635,3.9233305230736706,0.0,0.0,0.0,1.0,0.02860720158766203
160.04130427390336,48.369865470081564,328.1988542443514,0.0,0.0,0.0,0.0,0.0
1.1607233601808546,1.193491510748863,0.07578501591458903,0.0,0.0,0.0,0.0,0.0
0.0371130406856536,1.8868914842605593,0.0759955272078514,0.0,0.0,0.0,0.0,0.0
0.5401650792360306,0.6703866219520569,0.049448350444436,0.3497361242771148,1.4110125303268433,0.2392513453960418,0.0,0.0
